index,Series_Title,Released_Year,Certificate,Runtime_in_Minutes,Genre,IMDB_Rating,Meta_score,No_of_Votes,Gross
0,The Shawshank Redemption,1994,A,142,Drama,9.3,80.0,2343110.0,28341469
1,The Godfather,1972,A,175,"Crime, Drama",9.2,100.0,1620367.0,134966411
2,The Dark Knight,2008,UA,152,"Action, Crime, Drama",9.0,84.0,2303232.0,534858444
3,The Godfather: Part II,1974,A,202,"Crime, Drama",9.0,90.0,1129952.0,57300000
4,12 Angry Men,1957,U,96,"Crime, Drama",9.0,96.0,689845.0,4360000
5,The Lord of the Rings: The Return of the King,2003,U,201,"Action, Adventure, Drama",8.9,94.0,1642758.0,377845905
6,Pulp Fiction,1994,A,154,"Crime, Drama",8.9,94.0,1826188.0,107928762
7,Schindler's List,1993,A,195,"Biography, Drama, History",8.9,94.0,1213505.0,96898818
8,Inception,2010,UA,148,"Action, Adventure, Sci-Fi",8.8,74.0,2067042.0,292576195
9,Fight Club,1999,A,139,Drama,8.8,66.0,1854740.0,37030102
10,The Lord of the Rings: The Fellowship of the Ring,2001,U,178,"Action, Adventure, Drama",8.8,92.0,1661481.0,315544750
11,Forrest Gump,1994,UA,142,"Drama, Romance",8.8,82.0,1809221.0,330252182
12,"Il buono, il brutto, il cattivo",1966,A,161,Western,8.8,90.0,688390.0,6100000
13,The Lord of the Rings: The Two Towers,2002,UA,179,"Action, Adventure, Drama",8.7,87.0,1485555.0,342551365
14,The Matrix,1999,A,136,"Action, Sci-Fi",8.7,73.0,1676426.0,171479930
15,Goodfellas,1990,A,146,"Biography, Crime, Drama",8.7,90.0,1020727.0,46836394
16,Star Wars: Episode V - The Empire Strikes Back,1980,UA,124,"Action, Adventure, Fantasy",8.7,82.0,1159315.0,290475067
17,One Flew Over the Cuckoo's Nest,1975,A,133,Drama,8.7,83.0,918088.0,112000000
18,Hamilton,2020,PG-13,160,"Biography, Drama, History",8.6,90.0,55291.0,-1
19,Gisaengchung,2019,A,132,"Comedy, Drama, Thriller",8.6,96.0,552778.0,53367844
20,Soorarai Pottru,2020,U,153,Drama,8.6,-1.0,54995.0,-1
21,Interstellar,2014,UA,169,"Adventure, Drama, Sci-Fi",8.6,74.0,1512360.0,188020017
22,Cidade de Deus,2002,A,130,"Crime, Drama",8.6,79.0,699256.0,7563397
23,Sen to Chihiro no kamikakushi,2001,U,125,"Animation, Adventure, Family",8.6,96.0,651376.0,10055859
24,Saving Private Ryan,1998,R,169,"Drama, War",8.6,91.0,1235804.0,216540909
25,The Green Mile,1999,A,189,"Crime, Drama, Fantasy",8.6,61.0,1147794.0,136801374
26,La vita è bella,1997,U,116,"Comedy, Drama, Romance",8.6,59.0,623629.0,57598247
27,Se7en,1995,A,127,"Crime, Drama, Mystery",8.6,65.0,1445096.0,100125643
28,The Silence of the Lambs,1991,A,118,"Crime, Drama, Thriller",8.6,85.0,1270197.0,130742922
29,Star Wars,1977,UA,121,"Action, Adventure, Fantasy",8.6,90.0,1231473.0,322740140
30,Seppuku,1962,-1,133,"Action, Drama, Mystery",8.6,85.0,42004.0,-1
31,Shichinin no samurai,1954,U,207,"Action, Adventure, Drama",8.6,98.0,315744.0,269061
32,It's a Wonderful Life,1946,PG,130,"Drama, Family, Fantasy",8.6,89.0,405801.0,-1
33,Joker,2019,A,122,"Crime, Drama, Thriller",8.5,59.0,939252.0,335451311
34,Whiplash,2014,A,106,"Drama, Music",8.5,88.0,717585.0,13092000
35,The Intouchables,2011,UA,112,"Biography, Comedy, Drama",8.5,57.0,760360.0,13182281
36,The Prestige,2006,U,130,"Drama, Mystery, Sci-Fi",8.5,66.0,1190259.0,53089891
37,The Departed,2006,A,151,"Crime, Drama, Thriller",8.5,85.0,1189773.0,132384315
38,The Pianist,2002,R,150,"Biography, Drama, Music",8.5,85.0,729603.0,32572577
39,Gladiator,2000,UA,155,"Action, Adventure, Drama",8.5,67.0,1341460.0,187705427
40,American History X,1998,R,119,Drama,8.5,62.0,1034705.0,6719864
41,The Usual Suspects,1995,A,106,"Crime, Mystery, Thriller",8.5,77.0,991208.0,23341568
42,Léon,1994,A,110,"Action, Crime, Drama",8.5,64.0,1035236.0,19501238
43,The Lion King,1994,U,88,"Animation, Adventure, Drama",8.5,88.0,942045.0,422783777
44,Terminator 2: Judgment Day,1991,U,137,"Action, Sci-Fi",8.5,75.0,995506.0,204843350
45,Nuovo Cinema Paradiso,1988,U,155,"Drama, Romance",8.5,80.0,230763.0,11990401
46,Hotaru no haka,1988,U,89,"Animation, Drama, War",8.5,94.0,235231.0,-1
47,Back to the Future,1985,U,116,"Adventure, Comedy, Sci-Fi",8.5,87.0,1058081.0,210609762
48,Once Upon a Time in the West,1968,U,165,Western,8.5,80.0,302844.0,5321508
49,Psycho,1960,A,109,"Horror, Mystery, Thriller",8.5,97.0,604211.0,32000000
50,Casablanca,1942,U,102,"Drama, Romance, War",8.5,100.0,522093.0,1024560
51,Modern Times,1936,G,87,"Comedy, Drama, Family",8.5,96.0,217881.0,163245
52,City Lights,1931,G,87,"Comedy, Drama, Romance",8.5,99.0,167839.0,19181
53,Capharnaüm,2018,A,126,Drama,8.4,75.0,62635.0,1661096
54,Ayla: The Daughter of War,2017,-1,125,"Biography, Drama, History",8.4,-1.0,34112.0,-1
55,Vikram Vedha,2017,UA,147,"Action, Crime, Drama",8.4,-1.0,28401.0,-1
56,Kimi no na wa.,2016,U,106,"Animation, Drama, Fantasy",8.4,79.0,194838.0,5017246
57,Dangal,2016,U,161,"Action, Biography, Drama",8.4,-1.0,156479.0,12391761
58,Spider-Man: Into the Spider-Verse,2018,U,117,"Animation, Action, Adventure",8.4,87.0,375110.0,190241310
59,Avengers: Endgame,2019,UA,181,"Action, Adventure, Drama",8.4,78.0,809955.0,858373000
60,Avengers: Infinity War,2018,UA,149,"Action, Adventure, Sci-Fi",8.4,68.0,834477.0,678815482
61,Coco,2017,U,105,"Animation, Adventure, Family",8.4,81.0,384171.0,209726015
62,Django Unchained,2012,A,165,"Drama, Western",8.4,81.0,1357682.0,162805434
63,The Dark Knight Rises,2012,UA,164,"Action, Adventure",8.4,78.0,1516346.0,448139099
64,3 Idiots,2009,UA,170,"Comedy, Drama",8.4,67.0,344445.0,6532908
65,Taare Zameen Par,2007,U,165,"Drama, Family",8.4,-1.0,168895.0,1223869
66,WALL·E,2008,U,98,"Animation, Adventure, Family",8.4,95.0,999790.0,223808164
67,The Lives of Others,2006,A,137,"Drama, Mystery, Thriller",8.4,89.0,358685.0,11286112
68,Oldeuboi,2003,A,101,"Action, Drama, Mystery",8.4,77.0,515451.0,707481
69,Memento,2000,UA,113,"Mystery, Thriller",8.4,80.0,1125712.0,25544867
70,Mononoke-hime,1997,U,134,"Animation, Action, Adventure",8.4,76.0,343171.0,2375308
71,Once Upon a Time in America,1984,A,229,"Crime, Drama",8.4,-1.0,311365.0,5321508
72,Raiders of the Lost Ark,1981,A,115,"Action, Adventure",8.4,85.0,884112.0,248159971
73,The Shining,1980,A,146,"Drama, Horror",8.4,66.0,898237.0,44017374
74,Apocalypse Now,1979,R,147,"Drama, Mystery, War",8.4,94.0,606398.0,83471511
75,Alien,1979,R,117,"Horror, Sci-Fi",8.4,89.0,787806.0,78900000
76,Anand,1971,U,122,"Drama, Musical",8.4,-1.0,30273.0,-1
77,Tengoku to jigoku,1963,-1,143,"Crime, Drama, Mystery",8.4,-1.0,34357.0,-1
78,Dr. Strangelove or: How I Learned to Stop Worrying and Love the Bomb,1964,A,95,Comedy,8.4,97.0,450474.0,275902
79,Witness for the Prosecution,1957,U,116,"Crime, Drama, Mystery",8.4,-1.0,108862.0,8175000
80,Paths of Glory,1957,A,88,"Drama, War",8.4,90.0,178092.0,-1
81,Rear Window,1954,U,112,"Mystery, Thriller",8.4,100.0,444074.0,36764313
82,Sunset Blvd.,1950,Passed,110,"Drama, Film-Noir",8.4,-1.0,201632.0,-1
83,The Great Dictator,1940,Passed,125,"Comedy, Drama, War",8.4,-1.0,203150.0,288475
84,1917,2019,R,119,"Drama, Thriller, War",8.3,78.0,425844.0,159227644
85,Tumbbad,2018,A,104,"Drama, Fantasy, Horror",8.3,-1.0,27793.0,-1
86,Andhadhun,2018,UA,139,"Crime, Drama, Music",8.3,-1.0,71875.0,1373943
87,Drishyam,2013,U,160,"Crime, Drama, Thriller",8.3,-1.0,30722.0,-1
88,Jagten,2012,R,115,Drama,8.3,77.0,281623.0,687185
89,Jodaeiye Nader az Simin,2011,PG-13,123,Drama,8.3,95.0,220002.0,7098492
90,Incendies,2010,R,131,"Drama, Mystery, War",8.3,80.0,150023.0,6857096
91,Miracle in cell NO.7,2019,TV-14,132,Drama,8.3,-1.0,33935.0,-1
92,Babam ve Oglum,2005,-1,112,"Drama, Family",8.3,-1.0,78925.0,-1
93,Inglourious Basterds,2009,A,153,"Adventure, Drama, War",8.3,69.0,1267869.0,120540719
94,Eternal Sunshine of the Spotless Mind,2004,UA,108,"Drama, Romance, Sci-Fi",8.3,89.0,911664.0,34400301
95,Amélie,2001,U,122,"Comedy, Romance",8.3,69.0,703810.0,33225499
96,Snatch,2000,UA,104,"Comedy, Crime",8.3,55.0,782001.0,30328156
97,Requiem for a Dream,2000,A,102,Drama,8.3,68.0,766870.0,3635482
98,American Beauty,1999,UA,122,Drama,8.3,84.0,1069738.0,130096601
99,Good Will Hunting,1997,U,126,"Drama, Romance",8.3,70.0,861606.0,138433435
100,Bacheha-Ye aseman,1997,PG,89,"Drama, Family, Sport",8.3,77.0,65341.0,933933
101,Toy Story,1995,U,81,"Animation, Adventure, Comedy",8.3,95.0,887429.0,191796233
102,Braveheart,1995,A,178,"Biography, Drama, History",8.3,68.0,959181.0,75600000
103,Reservoir Dogs,1992,R,99,"Crime, Drama, Thriller",8.3,79.0,918562.0,2832029
104,Full Metal Jacket,1987,UA,116,"Drama, War",8.3,76.0,675146.0,46357676
105,Idi i smotri,1985,A,142,"Drama, Thriller, War",8.3,-1.0,59056.0,-1
106,Aliens,1986,U,137,"Action, Adventure, Sci-Fi",8.3,84.0,652719.0,85160248
107,Amadeus,1984,R,160,"Biography, Drama, History",8.3,88.0,369007.0,51973029
108,Scarface,1983,A,170,"Crime, Drama",8.3,65.0,740911.0,45598982
109,Star Wars: Episode VI - Return of the Jedi,1983,U,131,"Action, Adventure, Fantasy",8.3,58.0,950470.0,309125409
110,Das Boot,1981,R,149,"Adventure, Drama, Thriller",8.3,-1.0,-1.0,-1
111,Taxi Driver,1976,A,114,"Crime, Drama",8.3,94.0,724636.0,28262574
112,The Sting,1973,U,129,"Comedy, Crime, Drama",8.3,83.0,241513.0,159600000
113,A Clockwork Orange,1971,A,136,"Crime, Drama, Sci-Fi",8.3,77.0,757904.0,6207725
114,2001: A Space Odyssey,1968,U,149,"Adventure, Sci-Fi",8.3,84.0,603517.0,56954992
115,Per qualche dollaro in più,1965,U,132,Western,8.3,74.0,232772.0,15000000
116,Lawrence of Arabia,1962,U,228,"Adventure, Biography, Drama",8.3,100.0,268085.0,44824144
117,The Apartment,1960,U,125,"Comedy, Drama, Romance",8.3,94.0,164363.0,18600000
118,North by Northwest,1959,U,136,"Adventure, Mystery, Thriller",8.3,98.0,299198.0,13275000
119,Vertigo,1958,A,128,"Mystery, Romance, Thriller",8.3,100.0,364368.0,3200000
120,Singin' in the Rain,1952,G,103,"Comedy, Musical, Romance",8.3,99.0,218957.0,8819028
121,Ikiru,1952,-1,143,Drama,8.3,-1.0,68463.0,5524
122,Ladri di biciclette,1948,-1,89,Drama,8.3,-1.0,146427.0,33293
123,Double Indemnity,1944,Passed,107,"Crime, Drama, Film-Noir",8.3,95.0,143525.0,5720000
124,Citizen Kane,1941,UA,119,"Drama, Mystery",8.3,-1.0,-1.0,-1
125,M - Eine Stadt sucht einen Mörder,1931,Passed,117,"Crime, Mystery, Thriller",8.3,-1.0,143434.0,28877
126,Metropolis,1927,-1,153,"Drama, Sci-Fi",8.3,98.0,159992.0,1236166
127,The Kid,1921,Passed,68,"Comedy, Drama, Family",8.3,-1.0,113314.0,5450000
128,Chhichhore,2019,UA,143,"Comedy, Drama",8.2,-1.0,33893.0,898575
129,Uri: The Surgical Strike,2018,UA,138,"Action, Drama, War",8.2,-1.0,43444.0,4186168
130,K.G.F: Chapter 1,2018,UA,156,"Action, Drama",8.2,-1.0,36680.0,-1
131,Green Book,2018,UA,130,"Biography, Comedy, Drama",8.2,69.0,377884.0,85080171
132,"Three Billboards Outside Ebbing, Missouri",2017,A,115,"Comedy, Crime, Drama",8.2,88.0,432610.0,54513740
133,Talvar,2015,UA,132,"Crime, Drama, Mystery",8.2,-1.0,31142.0,34237
134,Baahubali 2: The Conclusion,2017,UA,167,"Action, Drama",8.2,-1.0,75348.0,20186659
135,Klaus,2019,PG,96,"Animation, Adventure, Comedy",8.2,65.0,104761.0,-1
136,Drishyam,2015,UA,163,"Crime, Drama, Mystery",8.2,-1.0,70367.0,739478
137,Queen,2013,UA,146,"Adventure, Comedy, Drama",8.2,-1.0,60701.0,1429534
138,Mandariinid,2013,-1,87,"Drama, War",8.2,73.0,40382.0,144501
139,Bhaag Milkha Bhaag,2013,U,186,"Biography, Drama, Sport",8.2,-1.0,61137.0,1626289
140,Gangs of Wasseypur,2012,A,321,"Action, Comedy, Crime",8.2,89.0,82365.0,-1
141,Udaan,2010,UA,134,Drama,8.2,-1.0,42341.0,7461
142,Paan Singh Tomar,2012,UA,135,"Action, Biography, Crime",8.2,-1.0,33237.0,39567
143,El secreto de sus ojos,2009,R,129,"Drama, Mystery, Romance",8.2,80.0,193217.0,6391436
144,Warrior,2011,UA,140,"Action, Drama, Sport",8.2,71.0,435950.0,13657115
145,Shutter Island,2010,A,138,"Mystery, Thriller",8.2,63.0,1129894.0,128012934
146,Up,2009,U,96,"Animation, Adventure, Comedy",8.2,88.0,935507.0,293004164
147,The Wolf of Wall Street,2013,A,180,"Biography, Crime, Drama",8.2,75.0,1187498.0,116900694
148,Chak De! India,2007,U,153,"Drama, Family, Sport",8.2,68.0,74129.0,1113541
149,There Will Be Blood,2007,A,158,Drama,8.2,93.0,517359.0,40222514
150,Pan's Labyrinth,2006,UA,118,"Drama, Fantasy, War",8.2,98.0,618623.0,37634615
151,Toy Story 3,2010,U,103,"Animation, Adventure, Comedy",8.2,92.0,757032.0,415004880
152,V for Vendetta,2005,A,132,"Action, Drama, Sci-Fi",8.2,62.0,1032749.0,70511035
153,Rang De Basanti,2006,UA,167,"Comedy, Crime, Drama",8.2,-1.0,111937.0,2197331
154,Black,2005,U,122,Drama,8.2,-1.0,33354.0,733094
155,Batman Begins,2005,UA,140,"Action, Adventure",8.2,70.0,1308302.0,206852432
156,"Swades: We, the People",2004,U,210,Drama,8.2,-1.0,83005.0,1223240
157,Der Untergang,2004,R,156,"Biography, Drama, History",8.2,82.0,331308.0,5509040
158,Hauru no ugoku shiro,2004,U,119,"Animation, Adventure, Family",8.2,80.0,333915.0,4711096
159,A Beautiful Mind,2001,UA,135,"Biography, Drama",8.2,72.0,848920.0,170742341
160,Hera Pheri,2000,U,156,"Action, Comedy, Crime",8.2,-1.0,57057.0,-1
161,"Lock, Stock and Two Smoking Barrels",1998,A,107,"Action, Comedy, Crime",8.2,66.0,535216.0,3897569
162,L.A. Confidential,1997,A,138,"Crime, Drama, Mystery",8.2,90.0,531967.0,64616940
163,Eskiya,1996,-1,128,"Crime, Drama, Thriller",8.2,-1.0,64118.0,-1
164,Heat,1995,A,170,"Crime, Drama, Thriller",8.2,76.0,577113.0,67436818
165,Casino,1995,A,178,"Crime, Drama",8.2,73.0,466276.0,42438300
166,Andaz Apna Apna,1994,U,160,"Action, Comedy, Romance",8.2,-1.0,49300.0,-1
167,Unforgiven,1992,A,130,"Drama, Western",8.2,85.0,375935.0,101157447
168,Indiana Jones and the Last Crusade,1989,U,127,"Action, Adventure",8.2,65.0,692366.0,197171806
169,Dom za vesanje,1988,R,142,"Comedy, Crime, Drama",8.2,-1.0,26402.0,280015
170,Tonari no Totoro,1988,U,86,"Animation, Family, Fantasy",8.2,86.0,291180.0,1105564
171,Die Hard,1988,A,132,"Action, Thriller",8.2,72.0,793164.0,83008852
172,Ran,1985,U,162,"Action, Drama, War",8.2,96.0,112505.0,4135750
173,Raging Bull,1980,A,129,"Biography, Drama, Sport",8.2,89.0,321860.0,23383987
174,Stalker,1979,U,162,"Drama, Sci-Fi",8.2,-1.0,116945.0,234723
175,Höstsonaten,1978,U,99,"Drama, Music",8.2,-1.0,26875.0,-1
176,The Message,1976,PG,177,"Biography, Drama, History",8.2,-1.0,43885.0,-1
177,Sholay,1975,U,204,"Action, Adventure, Comedy",8.2,-1.0,51284.0,-1
178,Monty Python and the Holy Grail,1975,PG,91,"Adventure, Comedy, Fantasy",8.2,91.0,500875.0,1229197
179,The Great Escape,1963,U,172,"Adventure, Drama, History",8.2,86.0,224730.0,12100000
180,To Kill a Mockingbird,1962,U,129,"Crime, Drama",8.2,88.0,293811.0,-1
181,Yôjinbô,1961,-1,110,"Action, Drama, Thriller",8.2,-1.0,111244.0,-1
182,Judgment at Nuremberg,1961,A,179,"Drama, War",8.2,60.0,69458.0,-1
183,Some Like It Hot,1959,U,121,"Comedy, Music, Romance",8.2,98.0,243943.0,25000000
184,Smultronstället,1957,U,91,"Drama, Romance",8.2,88.0,96381.0,-1
185,Det sjunde inseglet,1957,A,96,"Drama, Fantasy, History",8.2,88.0,164939.0,-1
186,Du rififi chez les hommes,1955,-1,118,"Crime, Drama, Thriller",8.2,97.0,28810.0,57226
187,Dial M for Murder,1954,A,105,"Crime, Thriller",8.2,75.0,158335.0,12562
188,Tôkyô monogatari,1953,U,136,Drama,8.2,-1.0,53153.0,-1
189,Rashômon,1950,-1,88,"Crime, Drama, Mystery",8.2,98.0,152572.0,96568
190,All About Eve,1950,Passed,138,Drama,8.2,98.0,120539.0,10177
191,The Treasure of the Sierra Madre,1948,Passed,126,"Adventure, Drama, Western",8.2,98.0,114304.0,5014000
192,To Be or Not to Be,1942,Passed,99,"Comedy, War",8.2,86.0,29915.0,-1
193,The Gold Rush,1925,Passed,95,"Adventure, Comedy, Drama",8.2,-1.0,101053.0,5450000
194,Sherlock Jr.,1924,Passed,45,"Action, Comedy, Romance",8.2,-1.0,41985.0,977375
195,Portrait de la jeune fille en feu,2019,R,122,"Drama, Romance",8.1,95.0,63134.0,3759854
196,Pink,2016,UA,136,"Drama, Thriller",8.1,-1.0,39216.0,1241223
197,Koe no katachi,2016,16,130,"Animation, Drama, Family",8.1,78.0,47708.0,-1
198,Contratiempo,2016,TV-MA,106,"Crime, Drama, Mystery",8.1,-1.0,141516.0,-1
199,Ah-ga-ssi,2016,A,145,"Drama, Romance, Thriller",8.1,84.0,113649.0,2006788
200,Mommy,2014,R,139,Drama,8.1,74.0,50700.0,3492754
201,Haider,2014,UA,160,"Action, Crime, Drama",8.1,-1.0,50445.0,90161
202,Logan,2017,A,137,"Action, Drama, Sci-Fi",8.1,77.0,647884.0,226277068
203,Room,2015,R,118,"Drama, Thriller",8.1,86.0,371538.0,14677674
204,Relatos salvajes,2014,R,122,"Comedy, Drama, Thriller",8.1,77.0,177059.0,3107072
205,Soul,2020,U,100,"Animation, Adventure, Comedy",8.1,83.0,159171.0,-1
206,Kis Uykusu,2014,-1,196,Drama,8.1,88.0,46547.0,16552
207,PK,2014,UA,153,"Comedy, Drama, Musical",8.1,-1.0,163061.0,10616104
208,OMG: Oh My God!,2012,U,125,"Comedy, Drama, Fantasy",8.1,-1.0,51739.0,923221
209,The Grand Budapest Hotel,2014,UA,99,"Adventure, Comedy, Crime",8.1,88.0,707630.0,59100318
210,Gone Girl,2014,A,149,"Drama, Mystery, Thriller",8.1,79.0,859695.0,167767189
211,Ôkami kodomo no Ame to Yuki,2012,U,117,"Animation, Drama, Fantasy",8.1,71.0,38803.0,-1
212,Hacksaw Ridge,2016,A,139,"Biography, Drama, History",8.1,71.0,435928.0,67209615
213,Inside Out,2015,U,95,"Animation, Adventure, Comedy",8.1,94.0,616228.0,356461711
214,Barfi!,2012,U,151,"Comedy, Drama, Romance",8.1,-1.0,75721.0,2804874
215,12 Years a Slave,2013,A,134,"Biography, Drama, History",8.1,96.0,640533.0,56671993
216,Rush,2013,UA,123,"Action, Biography, Drama",8.1,74.0,432811.0,26947624
217,Ford v Ferrari,2019,UA,152,"Action, Biography, Drama",8.1,81.0,291289.0,117624028
218,Spotlight,2015,A,129,"Biography, Crime, Drama",8.1,93.0,420316.0,45055776
219,Song of the Sea,2014,PG,93,"Animation, Adventure, Drama",8.1,85.0,51679.0,857524
220,Kahaani,2012,UA,122,"Mystery, Thriller",8.1,-1.0,57806.0,1035953
221,Zindagi Na Milegi Dobara,2011,U,155,"Comedy, Drama",8.1,-1.0,67927.0,3108485
222,Prisoners,2013,A,153,"Crime, Drama, Mystery",8.1,70.0,601149.0,61002302
223,Mad Max: Fury Road,2015,UA,120,"Action, Adventure, Sci-Fi",8.1,90.0,882316.0,154058340
224,A Wednesday,2008,UA,104,"Action, Crime, Drama",8.1,-1.0,73891.0,-1
225,Gran Torino,2008,R,116,Drama,8.1,72.0,720450.0,148095302
226,Harry Potter and the Deathly Hallows: Part 2,2011,UA,130,"Adventure, Drama, Fantasy",8.1,85.0,764493.0,381011219
227,Okuribito,2008,PG-13,130,"Drama, Music",8.1,68.0,48582.0,1498210
228,Hachi: A Dog's Tale,2009,G,93,"Biography, Drama, Family",8.1,-1.0,253575.0,-1
229,Mary and Max,2009,-1,92,"Animation, Comedy, Drama",8.1,-1.0,164462.0,-1
230,How to Train Your Dragon,2010,U,98,"Animation, Action, Adventure",8.1,75.0,666773.0,217581231
231,Into the Wild,2007,R,148,"Adventure, Biography, Drama",8.1,73.0,572921.0,18354356
232,No Country for Old Men,2007,R,122,"Crime, Drama, Thriller",8.1,91.0,856916.0,74283625
233,Lage Raho Munna Bhai,2006,U,144,"Comedy, Drama, Romance",8.1,-1.0,43137.0,2217561
234,Million Dollar Baby,2004,UA,132,"Drama, Sport",8.1,86.0,635975.0,100492203
235,Hotel Rwanda,2004,PG-13,121,"Biography, Drama, History",8.1,79.0,334320.0,23530892
236,Taegukgi hwinalrimyeo,2004,R,140,"Action, Drama, War",8.1,64.0,37820.0,1111061
237,Before Sunset,2004,R,80,"Drama, Romance",8.1,90.0,236311.0,5820649
238,Munna Bhai M.B.B.S.,2003,U,156,"Comedy, Drama, Musical",8.1,-1.0,73992.0,-1
239,Salinui chueok,2003,UA,131,"Crime, Drama, Mystery",8.1,82.0,139558.0,14131
240,Dil Chahta Hai,2001,Unrated,183,"Comedy, Drama, Romance",8.1,-1.0,66803.0,300
241,Kill Bill: Vol. 1,2003,R,111,"Action, Crime, Drama",8.1,69.0,1000639.0,70099045
242,Finding Nemo,2003,U,100,"Animation, Adventure, Comedy",8.1,90.0,949565.0,380843261
243,Catch Me If You Can,2002,A,141,"Biography, Crime, Drama",8.1,75.0,832846.0,164615351
244,Amores perros,2000,A,154,"Drama, Thriller",8.1,83.0,223741.0,5383834
245,"Monsters, Inc.",2001,U,92,"Animation, Adventure, Comedy",8.1,79.0,815505.0,289916256
246,"Shin seiki Evangelion Gekijô-ban: Air/Magokoro wo, kimi ni",1997,UA,87,"Animation, Action, Drama",8.1,-1.0,38847.0,-1
247,Lagaan: Once Upon a Time in India,2001,U,224,"Adventure, Drama, Musical",8.1,84.0,105036.0,70147
248,The Sixth Sense,1999,A,107,"Drama, Mystery, Thriller",8.1,64.0,911573.0,293506292
249,La leggenda del pianista sull'oceano,1998,U,169,"Drama, Music, Romance",8.1,58.0,59020.0,259127
250,The Truman Show,1998,U,103,"Comedy, Drama",8.1,90.0,939631.0,125618201
251,"Crna macka, beli macor",1998,R,127,"Comedy, Crime, Romance",8.1,73.0,50862.0,34866
252,The Big Lebowski,1998,R,117,"Comedy, Crime, Sport",8.1,71.0,732620.0,17498804
253,Fa yeung nin wah,2000,U,98,"Drama, Romance",8.1,85.0,124383.0,2734044
254,Trainspotting,1996,A,93,Drama,8.1,83.0,634716.0,16501785
255,Fargo,1996,A,98,"Crime, Drama, Thriller",8.1,85.0,617444.0,24611975
256,Underground,1995,-1,170,"Comedy, Drama, War",8.1,-1.0,55220.0,171082
257,La haine,1995,UA,98,"Crime, Drama",8.1,-1.0,150345.0,309811
258,Dilwale Dulhania Le Jayenge,1995,U,189,"Drama, Romance",8.1,-1.0,63516.0,-1
259,Before Sunrise,1995,R,101,"Drama, Romance",8.1,77.0,272291.0,5535405
260,Trois couleurs: Rouge,1994,U,99,"Drama, Mystery, Romance",8.1,100.0,90729.0,4043686
261,Chung Hing sam lam,1994,U,102,"Comedy, Crime, Drama",8.1,77.0,63122.0,6002
262,Jurassic Park,1993,UA,127,"Action, Adventure, Sci-Fi",8.1,68.0,867615.0,402453882
263,In the Name of the Father,1993,UA,133,"Biography, Crime, Drama",8.1,84.0,156842.0,25010410
264,Ba wang bie ji,1993,R,171,"Drama, Music, Romance",8.1,-1.0,25088.0,5216888
265,Dà hóng denglong gaogao guà,1991,PG,125,"Drama, History, Romance",8.1,-1.0,29662.0,2603061
266,Dead Poets Society,1989,U,128,"Comedy, Drama",8.1,79.0,425457.0,95860116
267,Stand by Me,1986,U,89,"Adventure, Drama",8.1,75.0,363401.0,52287414
268,Platoon,1986,A,120,"Drama, War",8.1,92.0,381222.0,138530565
269,"Paris, Texas",1984,U,145,Drama,8.1,78.0,91188.0,2181987
270,Kaze no tani no Naushika,1984,U,117,"Animation, Adventure, Fantasy",8.1,86.0,150924.0,49577
271,The Thing,1982,A,109,"Horror, Mystery, Sci-Fi",8.1,57.0,371271.0,13782838
272,Pink Floyd: The Wall,1982,UA,95,"Drama, Fantasy, Music",8.1,47.0,76081.0,22244207
273,Fitzcarraldo,1982,R,158,"Adventure, Drama",8.1,-1.0,31595.0,-1
274,Fanny och Alexander,1982,A,188,Drama,8.1,100.0,57784.0,4971340
275,Blade Runner,1982,UA,117,"Action, Sci-Fi, Thriller",8.1,84.0,693827.0,32868943
276,The Elephant Man,1980,UA,124,"Biography, Drama",8.1,78.0,220078.0,-1
277,Life of Brian,1979,R,94,Comedy,8.1,77.0,367250.0,20045115
278,The Deer Hunter,1978,A,183,"Drama, War",8.1,86.0,311361.0,48979328
279,Rocky,1976,U,120,"Drama, Sport",8.1,70.0,518546.0,117235247
280,Network,1976,UA,121,Drama,8.1,83.0,144911.0,-1
281,Barry Lyndon,1975,PG,185,"Adventure, Drama, History",8.1,89.0,149843.0,-1
282,Zerkalo,1975,G,107,"Biography, Drama",8.1,-1.0,40081.0,177345
283,Chinatown,1974,UA,130,"Drama, Mystery, Thriller",8.1,92.0,294230.0,29000000
284,Paper Moon,1973,U,102,"Comedy, Crime, Drama",8.1,77.0,42285.0,30933743
285,Viskningar och rop,1972,A,91,Drama,8.1,-1.0,30206.0,1742348
286,Solaris,1972,PG,167,"Drama, Mystery, Sci-Fi",8.1,90.0,81021.0,-1
287,Le samouraï,1967,GP,105,"Crime, Drama, Mystery",8.1,-1.0,45434.0,39481
288,Cool Hand Luke,1967,A,127,"Crime, Drama",8.1,92.0,161984.0,16217773
289,Persona,1966,-1,85,"Drama, Thriller",8.1,86.0,103191.0,-1
290,Andrei Rublev,1966,R,205,"Biography, Drama, History",8.1,-1.0,46947.0,102021
291,La battaglia di Algeri,1966,-1,121,"Drama, War",8.1,96.0,53089.0,55908
292,El ángel exterminador,1962,-1,95,"Drama, Fantasy",8.1,-1.0,29682.0,-1
293,What Ever Happened to Baby Jane?,1962,Passed,134,"Drama, Horror, Thriller",8.1,75.0,50058.0,4050000
294,Sanjuro,1962,U,96,"Action, Comedy, Crime",8.1,-1.0,33044.0,-1
295,The Man Who Shot Liberty Valance,1962,-1,123,"Drama, Western",8.1,94.0,68827.0,-1
296,Ivanovo detstvo,1962,-1,95,"Drama, War",8.1,-1.0,31728.0,-1
297,Jungfrukällan,1960,A,89,Drama,8.1,-1.0,26697.0,1526000
298,Inherit the Wind,1960,Passed,128,"Biography, Drama, History",8.1,75.0,27254.0,-1
299,Les quatre cents coups,1959,-1,99,"Crime, Drama",8.1,-1.0,105291.0,-1
300,Ben-Hur,1959,U,212,"Adventure, Drama, History",8.1,90.0,219466.0,74700000
301,Kakushi-toride no san-akunin,1958,-1,139,"Adventure, Drama",8.1,-1.0,34797.0,-1
302,Le notti di Cabiria,1957,-1,110,Drama,8.1,-1.0,42940.0,752045
303,Kumonosu-jô,1957,-1,110,"Drama, History",8.1,-1.0,46678.0,-1
304,The Bridge on the River Kwai,1957,PG,161,"Adventure, Drama, War",8.1,87.0,203463.0,44908000
305,On the Waterfront,1954,A,108,"Crime, Drama, Thriller",8.1,91.0,142107.0,9600000
306,Le salaire de la peur,1953,U,131,"Adventure, Drama, Thriller",8.1,85.0,54588.0,-1
307,Ace in the Hole,1951,Approved,111,"Drama, Film-Noir",8.1,72.0,31568.0,3969893
308,White Heat,1949,-1,114,"Action, Crime, Drama",8.1,-1.0,29807.0,-1
309,The Third Man,1949,Approved,104,"Film-Noir, Mystery, Thriller",8.1,97.0,158731.0,449191
310,The Red Shoes,1948,-1,135,"Drama, Music, Romance",8.1,-1.0,30935.0,10900000
311,The Shop Around the Corner,1940,-1,99,"Comedy, Drama, Romance",8.1,96.0,28450.0,2033
312,Rebecca,1940,Approved,130,"Drama, Mystery, Romance",8.1,86.0,123942.0,4360000
313,Mr. Smith Goes to Washington,1939,Passed,129,"Comedy, Drama",8.1,73.0,107017.0,9600000
314,Gone with the Wind,1939,U,238,"Drama, History, Romance",8.1,97.0,290074.0,198676459
315,La Grande Illusion,1937,-1,113,"Drama, War",8.1,-1.0,33829.0,172885
316,It Happened One Night,1934,Approved,105,"Comedy, Romance",8.1,87.0,94016.0,4360000
317,La passion de Jeanne d'Arc,1928,Passed,110,"Biography, Drama, History",8.1,-1.0,47676.0,21877
318,The Circus,1928,Passed,72,"Comedy, Romance",8.1,90.0,30205.0,-1
319,Sunrise: A Song of Two Humans,1927,Passed,94,"Drama, Romance",8.1,-1.0,46865.0,53954
320,The General,1926,Passed,67,"Action, Adventure, Comedy",8.1,-1.0,81156.0,1033895
321,Das Cabinet des Dr. Caligari,1920,-1,76,"Fantasy, Horror, Mystery",8.1,-1.0,57428.0,-1
322,Badhaai ho,2018,UA,124,"Comedy, Drama",8.0,-1.0,27978.0,-1
323,Togo,2019,U,113,"Adventure, Biography, Drama",8.0,69.0,37556.0,-1
324,Airlift,2016,UA,130,"Drama, History",8.0,-1.0,52897.0,-1
325,Bajrangi Bhaijaan,2015,UA,163,"Action, Adventure, Comedy",8.0,-1.0,72245.0,8178001
326,Baby,2015,UA,159,"Action, Crime, Thriller",8.0,-1.0,52848.0,-1
327,La La Land,2016,A,128,"Comedy, Drama, Music",8.0,94.0,505918.0,151101803
328,Lion,2016,U,118,"Biography, Drama",8.0,69.0,213970.0,51739495
329,The Martian,2015,UA,144,"Adventure, Drama, Sci-Fi",8.0,80.0,760094.0,228433663
330,Zootopia,2016,U,108,"Animation, Adventure, Comedy",8.0,78.0,434143.0,341268248
331,Bãhubali: The Beginning,2015,UA,159,"Action, Drama",8.0,-1.0,102972.0,6738000
332,Kaguyahime no monogatari,2013,U,137,"Animation, Adventure, Drama",8.0,89.0,38746.0,1506975
333,Wonder,2017,U,113,"Drama, Family",8.0,66.0,141923.0,132422809
334,Gully Boy,2019,UA,154,"Drama, Music, Romance",8.0,65.0,31886.0,5566534
335,Special Chabbis,2013,UA,144,"Crime, Drama, Thriller",8.0,-1.0,51069.0,1079369
336,Short Term 12,2013,R,96,Drama,8.0,82.0,81770.0,1010414
337,Serbuan maut 2: Berandal,2014,A,150,"Action, Crime, Thriller",8.0,71.0,114316.0,2625803
338,The Imitation Game,2014,UA,114,"Biography, Drama, Thriller",8.0,73.0,685201.0,91125683
339,Guardians of the Galaxy,2014,UA,121,"Action, Adventure, Comedy",8.0,76.0,1043455.0,333176600
340,Blade Runner 2049,2017,UA,164,"Action, Drama, Mystery",8.0,81.0,461823.0,92054159
341,Her,2013,A,126,"Drama, Romance, Sci-Fi",8.0,90.0,540772.0,25568251
342,Bohemian Rhapsody,2018,UA,134,"Biography, Drama, Music",8.0,49.0,450349.0,216428042
343,The Revenant,2015,A,156,"Action, Adventure, Drama",8.0,76.0,705589.0,183637894
344,The Perks of Being a Wallflower,2012,UA,103,"Drama, Romance",8.0,67.0,462252.0,17738570
345,Tropa de Elite 2: O Inimigo Agora é Outro,2010,-1,115,"Action, Crime, Drama",8.0,71.0,79200.0,100119
346,The King's Speech,2010,U,118,"Biography, Drama, History",8.0,88.0,639603.0,138797449
347,The Help,2011,UA,146,Drama,8.0,62.0,428521.0,169708112
348,Deadpool,2016,R,108,"Action, Adventure, Comedy",8.0,65.0,902669.0,363070709
349,Darbareye Elly,2009,TV-PG,119,"Drama, Mystery",8.0,87.0,45803.0,106662
350,Dev.D,2009,A,144,"Drama, Romance",8.0,-1.0,28749.0,1095
351,Yip Man,2008,R,106,"Action, Biography, Drama",8.0,59.0,211427.0,-1
352,My Name Is Khan,2010,UA,165,Drama,8.0,50.0,98575.0,4018695
353,Nefes: Vatan Sagolsun,2009,-1,128,"Action, Drama, Thriller",8.0,-1.0,31838.0,-1
354,Slumdog Millionaire,2008,UA,120,"Drama, Romance",8.0,84.0,798882.0,141319928
355,Black Swan,2010,A,108,"Drama, Thriller",8.0,79.0,699673.0,106954678
356,Tropa de Elite,2007,R,115,"Action, Crime, Drama",8.0,33.0,98097.0,806
357,The Avengers,2012,UA,143,"Action, Adventure, Sci-Fi",8.0,69.0,1260806.0,623279547
358,Persepolis,2007,PG-13,96,"Animation, Biography, Drama",8.0,90.0,88656.0,4445756
359,Dallas Buyers Club,2013,R,117,"Biography, Drama",8.0,80.0,441614.0,27298285
360,The Pursuit of Happyness,2006,U,117,"Biography, Drama",8.0,64.0,448930.0,163566459
361,Blood Diamond,2006,A,143,"Adventure, Drama, Thriller",8.0,64.0,499439.0,57366262
362,The Bourne Ultimatum,2007,UA,115,"Action, Mystery, Thriller",8.0,85.0,604694.0,227471070
363,Bin-jip,2004,U,88,"Crime, Drama, Romance",8.0,72.0,50610.0,238507
364,Sin City,2005,A,124,"Crime, Thriller",8.0,74.0,738512.0,74103820
365,Le scaphandre et le papillon,2007,PG-13,112,"Biography, Drama",8.0,-1.0,-1.0,-1
366,G.O.R.A.,2004,-1,127,"Adventure, Comedy, Sci-Fi",8.0,-1.0,56960.0,-1
367,Ratatouille,2007,U,111,"Animation, Adventure, Comedy",8.0,96.0,641645.0,206445654
368,Casino Royale,2006,PG-13,144,"Action, Adventure, Thriller",8.0,80.0,582239.0,167445960
369,Kill Bill: Vol. 2,2004,A,137,"Action, Crime, Thriller",8.0,83.0,683900.0,66208183
370,Vozvrashchenie,2003,-1,110,Drama,8.0,82.0,42399.0,502028
371,Bom Yeoareum Gaeul Gyeoul Geurigo Bom,2003,R,103,"Drama, Romance",8.0,85.0,77520.0,2380788
372,Mar adentro,2014,U,126,"Biography, Drama",8.0,74.0,77554.0,2086345
373,Cinderella Man,2005,UA,144,"Biography, Drama, History",8.0,69.0,176151.0,61649911
374,Kal Ho Naa Ho,2003,U,186,"Comedy, Drama, Musical",8.0,54.0,63460.0,1787378
375,Mou gaan dou,2002,UA,101,"Action, Crime, Drama",8.0,75.0,117857.0,169659
376,Pirates of the Caribbean: The Curse of the Black Pearl,2003,UA,143,"Action, Adventure, Fantasy",8.0,63.0,1015122.0,305413918
377,Big Fish,2003,U,125,"Adventure, Drama, Fantasy",8.0,58.0,415218.0,66257002
378,The Incredibles,2004,U,115,"Animation, Action, Adventure",8.0,90.0,657047.0,261441092
379,Yeopgijeogin geunyeo,2001,-1,137,"Comedy, Drama, Romance",8.0,-1.0,45403.0,-1
380,Dogville,2003,R,178,"Crime, Drama",8.0,60.0,137963.0,1530386
381,Vizontele,2001,-1,110,"Comedy, Drama",8.0,-1.0,33592.0,-1
382,Donnie Darko,2001,R,113,"Drama, Mystery, Sci-Fi",8.0,88.0,740086.0,1480006
383,Magnolia,1999,R,188,Drama,8.0,77.0,289742.0,22455976
384,Dancer in the Dark,2000,U,140,"Crime, Drama, Musical",8.0,61.0,102285.0,4184036
385,The Straight Story,1999,U,112,"Biography, Drama",8.0,86.0,82002.0,6203044
386,Pâfekuto burû,1997,A,81,"Animation, Crime, Mystery",8.0,-1.0,58192.0,776665
387,Festen,1998,R,105,Drama,8.0,82.0,78341.0,1647780
388,Central do Brasil,1998,R,110,Drama,8.0,80.0,36419.0,5595428
389,The Iron Giant,1999,PG,86,"Animation, Action, Adventure",8.0,85.0,172083.0,23159305
390,Knockin' on Heaven's Door,1997,-1,87,"Action, Crime, Comedy",8.0,-1.0,27721.0,3296
391,Sling Blade,1996,R,135,Drama,8.0,84.0,86838.0,24475416
392,Secrets & Lies,1996,U,136,"Comedy, Drama",8.0,91.0,37564.0,13417292
393,Twelve Monkeys,1995,A,129,"Mystery, Sci-Fi, Thriller",8.0,74.0,578443.0,57141459
394,Kôkaku Kidôtai,1995,UA,83,"Animation, Action, Crime",8.0,76.0,129231.0,515905
395,The Nightmare Before Christmas,1993,U,76,"Animation, Family, Fantasy",8.0,82.0,300208.0,75082668
396,Groundhog Day,1993,U,101,"Comedy, Fantasy, Romance",8.0,72.0,577991.0,70906973
397,Bound by Honor,1993,R,180,"Crime, Drama",8.0,47.0,28825.0,4496583
398,Scent of a Woman,1992,UA,156,Drama,8.0,59.0,263918.0,63895607
399,Aladdin,1992,U,90,"Animation, Adventure, Comedy",8.0,86.0,373845.0,217350219
400,JFK,1991,UA,189,"Drama, History, Thriller",8.0,72.0,142110.0,70405498
401,Beauty and the Beast,1991,G,84,"Animation, Family, Fantasy",8.0,95.0,417178.0,218967620
402,Dances with Wolves,1990,U,181,"Adventure, Drama, Western",8.0,72.0,240266.0,184208848
403,Do the Right Thing,1989,R,120,"Comedy, Drama",8.0,93.0,89429.0,27545445
404,Rain Man,1988,U,133,Drama,8.0,-1.0,-1.0,-1
405,Akira,1988,UA,124,"Animation, Action, Sci-Fi",8.0,-1.0,164918.0,553171
406,The Princess Bride,1987,U,98,"Adventure, Family, Fantasy",8.0,77.0,393899.0,30857814
407,Der Himmel über Berlin,1987,U,128,"Drama, Fantasy, Romance",8.0,79.0,64722.0,3333969
408,Au revoir les enfants,1987,U,104,"Drama, War",8.0,88.0,31163.0,4542825
409,Tenkû no shiro Rapyuta,1986,U,125,"Animation, Adventure, Drama",8.0,78.0,150140.0,-1
410,The Terminator,1984,UA,107,"Action, Sci-Fi",8.0,84.0,799795.0,38400000
411,Gandhi,1982,U,191,"Biography, Drama, History",8.0,79.0,217664.0,52767889
412,Kagemusha,1980,U,180,"Drama, History, War",8.0,84.0,32195.0,-1
413,Being There,1979,PG,130,"Comedy, Drama",8.0,83.0,65625.0,30177511
414,Annie Hall,1977,A,93,"Comedy, Romance",8.0,92.0,251823.0,39200000
415,Jaws,1975,A,124,"Adventure, Thriller",8.0,87.0,543388.0,260000000
416,Dog Day Afternoon,1975,U,125,"Biography, Crime, Drama",8.0,86.0,235652.0,50000000
417,Young Frankenstein,1974,A,106,Comedy,8.0,80.0,143359.0,86300000
418,Papillon,1973,R,151,"Biography, Crime, Drama",8.0,58.0,121627.0,53267000
419,The Exorcist,1973,A,122,Horror,8.0,81.0,362393.0,232906145
420,Sleuth,1972,PG,138,"Mystery, Thriller",8.0,-1.0,44748.0,4081254
421,The Last Picture Show,1971,R,118,"Drama, Romance",8.0,93.0,42456.0,29133000
422,Fiddler on the Roof,1971,G,181,"Drama, Family, Musical",8.0,67.0,39491.0,80500000
423,Il conformista,1970,UA,113,Drama,8.0,100.0,27067.0,54194
424,Butch Cassidy and the Sundance Kid,1969,PG,110,"Biography, Crime, Drama",8.0,66.0,201888.0,102308889
425,Rosemary's Baby,1968,A,137,"Drama, Horror",8.0,96.0,193674.0,-1
426,Planet of the Apes,1968,U,112,"Adventure, Sci-Fi",8.0,79.0,165167.0,33395426
427,The Graduate,1967,A,106,"Comedy, Drama, Romance",8.0,83.0,253676.0,104945305
428,Who's Afraid of Virginia Woolf?,1966,A,131,Drama,8.0,75.0,68926.0,-1
429,The Sound of Music,1965,U,172,"Biography, Drama, Family",8.0,63.0,205425.0,163214286
430,Doctor Zhivago,1965,A,197,"Drama, Romance, War",8.0,69.0,69903.0,111722000
431,Per un pugno di dollari,1964,A,99,"Action, Drama, Western",8.0,65.0,198219.0,14500000
432,8½,1963,-1,138,Drama,8.0,91.0,108844.0,5069
433,Vivre sa vie: Film en douze tableaux,1962,-1,80,Drama,8.0,-1.0,28057.0,-1
434,The Hustler,1961,A,134,"Drama, Sport",8.0,90.0,75067.0,8284000
435,La dolce vita,1960,A,174,"Comedy, Drama",8.0,95.0,66621.0,19516000
436,Rio Bravo,1959,Passed,141,"Action, Drama, Western",8.0,93.0,56305.0,12535000
437,Anatomy of a Murder,1959,-1,161,"Crime, Drama, Mystery",8.0,95.0,59847.0,11900000
438,Touch of Evil,1958,PG-13,95,"Crime, Drama, Film-Noir",8.0,99.0,98431.0,2237659
439,Cat on a Hot Tin Roof,1958,A,108,Drama,8.0,84.0,45062.0,17570324
440,Sweet Smell of Success,1957,Approved,96,"Drama, Film-Noir",8.0,100.0,28137.0,-1
441,The Killing,1956,Approved,84,"Crime, Drama, Film-Noir",8.0,91.0,81702.0,-1
442,The Night of the Hunter,1955,-1,92,"Crime, Drama, Film-Noir",8.0,99.0,81980.0,654
443,La Strada,1954,-1,108,Drama,8.0,-1.0,58314.0,-1
444,Les diaboliques,1955,-1,117,"Crime, Drama, Horror",8.0,-1.0,61503.0,-1
445,Stalag 17,1953,-1,120,"Comedy, Drama, War",8.0,84.0,51046.0,-1
446,Roman Holiday,1953,-1,118,"Comedy, Romance",8.0,78.0,127256.0,-1
447,A Streetcar Named Desire,1951,A,122,Drama,8.0,97.0,99182.0,8000000
448,In a Lonely Place,1950,-1,94,"Drama, Film-Noir, Mystery",8.0,-1.0,26784.0,-1
449,Kind Hearts and Coronets,1949,U,106,"Comedy, Crime",8.0,-1.0,34485.0,-1
450,Rope,1948,A,80,"Crime, Drama, Mystery",8.0,73.0,129783.0,-1
451,Out of the Past,1947,-1,97,"Crime, Drama, Film-Noir",8.0,-1.0,32784.0,-1
452,Brief Encounter,1945,U,86,"Drama, Romance",8.0,92.0,35601.0,-1
453,Laura,1944,Passed,88,"Drama, Film-Noir, Mystery",8.0,-1.0,42725.0,4360000
454,The Best Years of Our Lives,1946,Approved,170,"Drama, Romance, War",8.0,93.0,57259.0,23650000
455,Arsenic and Old Lace,1942,-1,118,"Comedy, Crime, Thriller",8.0,-1.0,65101.0,-1
456,The Maltese Falcon,1941,-1,100,"Film-Noir, Mystery",8.0,96.0,148928.0,2108060
457,The Grapes of Wrath,1940,Passed,129,"Drama, History",8.0,96.0,85559.0,55
458,The Wizard of Oz,1939,U,102,"Adventure, Family, Fantasy",8.0,92.0,371379.0,2076020
459,La règle du jeu,1939,-1,110,"Comedy, Drama",8.0,-1.0,26725.0,-1
460,The Thin Man,1934,TV-PG,91,"Comedy, Crime, Mystery",8.0,86.0,26642.0,-1
461,All Quiet on the Western Front,1930,U,152,"Drama, War",8.0,91.0,57318.0,3270000
462,Bronenosets Potemkin,1925,-1,75,"Drama, History, Thriller",8.0,97.0,53054.0,5097
463,Knives Out,2019,UA,130,"Comedy, Crime, Drama",7.9,82.0,454203.0,165359751
464,Dil Bechara,2020,UA,101,"Comedy, Drama, Romance",7.9,-1.0,111478.0,-1
465,Manbiki kazoku,2018,A,121,"Crime, Drama",7.9,93.0,62754.0,3313513
466,Marriage Story,2019,U,137,"Comedy, Drama, Romance",7.9,94.0,246644.0,2000000
467,Call Me by Your Name,2017,UA,132,"Drama, Romance",7.9,93.0,212651.0,18095701
468,"I, Daniel Blake",2016,UA,100,Drama,7.9,78.0,53818.0,258168
469,Isle of Dogs,2018,U,101,"Animation, Adventure, Comedy",7.9,82.0,139114.0,32015231
470,Hunt for the Wilderpeople,2016,UA,101,"Adventure, Comedy, Drama",7.9,81.0,111483.0,5202582
471,Captain Fantastic,2016,R,118,"Comedy, Drama",7.9,72.0,189400.0,5875006
472,Sing Street,2016,PG-13,106,"Comedy, Drama, Music",7.9,79.0,85109.0,3237118
473,Thor: Ragnarok,2017,UA,130,"Action, Adventure, Comedy",7.9,74.0,587775.0,315058289
474,Nightcrawler,2014,A,117,"Crime, Drama, Thriller",7.9,76.0,466134.0,32381218
475,Jojo Rabbit,2019,UA,108,"Comedy, Drama, War",7.9,58.0,297918.0,349555
476,Arrival,2016,UA,116,"Drama, Sci-Fi",7.9,81.0,594181.0,100546139
477,Star Wars: Episode VII - The Force Awakens,2015,U,138,"Action, Adventure, Sci-Fi",7.9,80.0,860823.0,936662225
478,Before Midnight,2013,R,109,"Drama, Romance",7.9,94.0,141457.0,8114627
479,X-Men: Days of Future Past,2014,UA,132,"Action, Adventure, Sci-Fi",7.9,75.0,659763.0,233921534
480,Bir Zamanlar Anadolu'da,2011,-1,157,"Crime, Drama",7.9,82.0,41995.0,13873
481,The Artist,2011,U,100,"Comedy, Drama, Romance",7.9,89.0,230624.0,44671682
482,Edge of Tomorrow,2014,UA,113,"Action, Adventure, Sci-Fi",7.9,71.0,600004.0,100206256
483,Amour,2012,UA,127,"Drama, Romance",7.9,94.0,93090.0,6739492
484,The Irishman,2019,R,209,"Biography, Crime, Drama",7.9,94.0,324720.0,7000000
485,Un prophète,2009,A,155,"Crime, Drama",7.9,90.0,93560.0,2084637
486,Moon,2009,R,97,"Drama, Mystery, Sci-Fi",7.9,67.0,335152.0,5009677
487,Låt den rätte komma in,2008,R,114,"Crime, Drama, Fantasy",7.9,82.0,205609.0,2122065
488,District 9,2009,A,112,"Action, Sci-Fi, Thriller",7.9,81.0,638202.0,115646235
489,The Wrestler,2008,UA,109,"Drama, Sport",7.9,80.0,289415.0,26236603
490,Jab We Met,2007,U,138,"Comedy, Drama, Romance",7.9,-1.0,47720.0,4108
491,Boyhood,2014,A,165,Drama,7.9,100.0,335533.0,25379975
492,"4 luni, 3 saptamâni si 2 zile",2007,-1,113,Drama,7.9,97.0,56625.0,1185783
493,Star Trek,2009,UA,127,"Action, Adventure, Sci-Fi",7.9,82.0,577336.0,257730019
494,In Bruges,2008,R,107,"Comedy, Crime, Drama",7.9,67.0,390334.0,7757130
495,The Man from Earth,2007,-1,87,"Drama, Fantasy, Mystery",7.9,-1.0,174125.0,-1
496,Letters from Iwo Jima,2006,UA,141,"Action, Adventure, Drama",7.9,89.0,154011.0,13756082
497,The Fall,2006,R,117,"Adventure, Drama, Fantasy",7.9,64.0,107290.0,2280348
498,Life of Pi,2012,U,127,"Adventure, Drama, Fantasy",7.9,79.0,580708.0,124987023
499,Fantastic Mr. Fox,2009,PG,87,"Animation, Adventure, Comedy",7.9,83.0,199696.0,21002919
500,C.R.A.Z.Y.,2005,-1,129,"Comedy, Drama",7.9,81.0,31476.0,-1
501,Les choristes,2004,PG-13,97,"Drama, Music",7.9,56.0,57430.0,3635164
502,Iron Man,2008,UA,126,"Action, Adventure, Sci-Fi",7.9,79.0,939644.0,318412101
503,Shaun of the Dead,2004,UA,99,"Comedy, Horror",7.9,76.0,512249.0,13542874
504,Gegen die Wand,2004,R,121,"Drama, Romance",7.9,78.0,51325.0,-1
505,Mystic River,2003,A,138,"Crime, Drama, Mystery",7.9,84.0,419420.0,90135191
506,Harry Potter and the Prisoner of Azkaban,2004,U,142,"Adventure, Family, Fantasy",7.9,82.0,552493.0,249358727
507,Ying xiong,2002,PG-13,120,"Action, Adventure, History",7.9,85.0,173999.0,53710019
508,Hable con ella,2002,R,112,"Drama, Mystery, Romance",7.9,86.0,104691.0,9284265
509,No Man's Land,2001,R,98,"Comedy, Drama, War",7.9,84.0,44618.0,1059830
510,Cowboy Bebop: Tengoku no tobira,2001,U,115,"Animation, Action, Crime",7.9,61.0,42897.0,1000045
511,The Bourne Identity,2002,UA,119,"Action, Mystery, Thriller",7.9,68.0,508771.0,121661683
512,Nueve reinas,2000,R,114,"Crime, Drama, Thriller",7.9,80.0,49721.0,1221261
513,Children of Men,2006,A,109,"Adventure, Drama, Sci-Fi",7.9,84.0,465113.0,35552383
514,Almost Famous,2000,A,122,"Adventure, Comedy, Drama",7.9,90.0,252586.0,32534850
515,Mulholland Dr.,2001,R,147,"Drama, Mystery, Thriller",7.9,85.0,322031.0,7220243
516,Toy Story 2,1999,U,92,"Animation, Adventure, Comedy",7.9,88.0,527512.0,245852179
517,Boogie Nights,1997,R,155,Drama,7.9,85.0,239473.0,26400640
518,Mimi wo sumaseba,1995,U,111,"Animation, Drama, Family",7.9,75.0,51943.0,-1
519,Once Were Warriors,1994,A,102,"Crime, Drama",7.9,77.0,31590.0,2201126
520,True Romance,1993,R,119,"Crime, Drama, Romance",7.9,59.0,206918.0,12281500
521,Trois couleurs: Bleu,1993,U,94,"Drama, Music, Mystery",7.9,85.0,89836.0,1324974
522,Jûbê ninpûchô,1993,A,94,"Animation, Action, Adventure",7.9,-1.0,34529.0,-1
523,Carlito's Way,1993,A,144,"Crime, Drama, Thriller",7.9,65.0,201000.0,36948322
524,Edward Scissorhands,1990,U,105,"Drama, Fantasy, Romance",7.9,74.0,447368.0,56362352
525,My Left Foot: The Story of Christy Brown,1989,U,103,"Biography, Drama",7.9,97.0,68076.0,14743391
526,Crimes and Misdemeanors,1989,PG-13,104,"Comedy, Drama",7.9,77.0,54670.0,18254702
527,The Untouchables,1987,A,119,"Crime, Drama, Thriller",7.9,79.0,281842.0,76270454
528,Hannah and Her Sisters,1986,PG-13,107,"Comedy, Drama",7.9,90.0,67176.0,40084041
529,Brazil,1985,U,132,"Drama, Sci-Fi",7.9,84.0,187567.0,9929135
530,This Is Spinal Tap,1984,R,82,"Comedy, Music",7.9,92.0,128812.0,188751
531,A Christmas Story,1983,U,93,"Comedy, Family",7.9,77.0,132947.0,20605209
532,The Blues Brothers,1980,U,133,"Action, Adventure, Comedy",7.9,60.0,183182.0,57229890
533,Manhattan,1979,R,96,"Comedy, Drama, Romance",7.9,83.0,131436.0,45700000
534,All That Jazz,1979,A,123,"Drama, Music, Musical",7.9,72.0,28223.0,37823676
535,Dawn of the Dead,1978,A,127,"Action, Adventure, Horror",7.9,71.0,111512.0,5100000
536,All the President's Men,1976,U,138,"Biography, Drama, History",7.9,84.0,103031.0,70600000
537,La montaña sagrada,1973,R,114,"Adventure, Drama, Fantasy",7.9,76.0,37183.0,61001
538,Amarcord,1973,R,123,"Comedy, Drama, Family",7.9,-1.0,39897.0,-1
539,Le charme discret de la bourgeoisie,1972,PG,102,Comedy,7.9,93.0,38737.0,198809
540,"Aguirre, der Zorn Gottes",1972,-1,95,"Action, Adventure, Biography",7.9,-1.0,52397.0,-1
541,Harold and Maude,1971,PG,91,"Comedy, Drama, Romance",7.9,62.0,70826.0,-1
542,Patton,1970,U,172,"Biography, Drama, War",7.9,91.0,93741.0,61700000
543,The Wild Bunch,1969,A,145,"Action, Adventure, Western",7.9,97.0,77401.0,12064472
544,Night of the Living Dead,1968,-1,96,"Horror, Thriller",7.9,89.0,116557.0,89029
545,The Lion in Winter,1968,PG,134,"Biography, Drama, History",7.9,-1.0,29003.0,22276975
546,In the Heat of the Night,1967,U,110,"Crime, Drama, Mystery",7.9,75.0,67804.0,24379978
547,Charade,1963,U,113,"Comedy, Mystery, Romance",7.9,83.0,68689.0,13474588
548,The Manchurian Candidate,1962,PG-13,126,"Drama, Thriller",7.9,94.0,71122.0,-1
549,Spartacus,1960,A,197,"Adventure, Biography, Drama",7.9,87.0,124339.0,30000000
550,L'avventura,1960,U,144,"Drama, Mystery",7.9,-1.0,26542.0,-1
551,Hiroshima mon amour,1959,-1,90,"Drama, Romance",7.9,-1.0,28421.0,883
552,The Ten Commandments,1956,U,220,"Adventure, Drama",7.9,-1.0,63560.0,93740000
553,The Searchers,1956,Passed,119,"Adventure, Drama, Western",7.9,94.0,80316.0,-1
554,East of Eden,1955,U,118,Drama,7.9,72.0,40313.0,-1
555,High Noon,1952,PG,85,"Drama, Thriller, Western",7.9,89.0,97222.0,9450000
556,Strangers on a Train,1951,A,101,"Crime, Film-Noir, Thriller",7.9,88.0,123341.0,7630000
557,Harvey,1950,Approved,104,"Comedy, Drama, Fantasy",7.9,-1.0,52573.0,-1
558,Miracle on 34th Street,1947,-1,96,"Comedy, Drama, Family",7.9,88.0,41625.0,2650000
559,Notorious,1946,U,102,"Drama, Film-Noir, Romance",7.9,100.0,92306.0,10464000
560,The Big Sleep,1946,Passed,114,"Crime, Film-Noir, Mystery",7.9,-1.0,78796.0,6540000
561,The Lost Weekend,1945,Passed,101,"Drama, Film-Noir",7.9,-1.0,33549.0,9460000
562,The Philadelphia Story,1940,-1,112,"Comedy, Romance",7.9,96.0,63550.0,-1
563,His Girl Friday,1940,Passed,92,"Comedy, Drama, Romance",7.9,-1.0,53667.0,296
564,The Adventures of Robin Hood,1938,PG,102,"Action, Adventure, Romance",7.9,97.0,47175.0,3981000
565,A Night at the Opera,1935,Passed,96,"Comedy, Music, Musical",7.9,-1.0,30580.0,2537520
566,King Kong,1933,Passed,100,"Adventure, Horror, Sci-Fi",7.9,90.0,78991.0,10000000
567,Freaks,1932,-1,64,"Drama, Horror",7.9,80.0,42117.0,-1
568,Nosferatu,1922,-1,94,"Fantasy, Horror",7.9,-1.0,88794.0,-1
569,The Gentlemen,2019,A,113,"Action, Comedy, Crime",7.8,51.0,237392.0,-1
570,Raazi,2018,UA,138,"Action, Drama, Thriller",7.8,-1.0,25344.0,-1
571,Sound of Metal,2019,R,120,"Drama, Music",7.8,81.0,27187.0,-1
572,Forushande,2016,UA,124,Drama,7.8,85.0,51240.0,2402067
573,Dunkirk,2017,UA,106,"Action, Drama, History",7.8,94.0,555092.0,188373161
574,Perfetti sconosciuti,2016,-1,96,"Comedy, Drama",7.8,-1.0,57168.0,-1
575,Hidden Figures,2016,UA,127,"Biography, Drama, History",7.8,74.0,200876.0,169607287
576,Paddington 2,2017,U,103,"Adventure, Comedy, Family",7.8,88.0,61594.0,40442052
577,Udta Punjab,2016,A,148,"Action, Crime, Drama",7.8,-1.0,27175.0,-1
578,Kubo and the Two Strings,2016,PG,101,"Animation, Action, Adventure",7.8,84.0,118035.0,48023088
579,M.S. Dhoni: The Untold Story,2016,U,184,"Biography, Drama, Sport",7.8,-1.0,40416.0,1782795
580,Manchester by the Sea,2016,UA,137,Drama,7.8,96.0,246963.0,47695120
581,Under sandet,2015,R,100,"Drama, History, War",7.8,75.0,35539.0,435266
582,Rogue One,2016,UA,133,"Action, Adventure, Sci-Fi",7.8,65.0,556608.0,532177324
583,Captain America: Civil War,2016,UA,147,"Action, Adventure, Sci-Fi",7.8,75.0,663649.0,408084349
584,The Hateful Eight,2015,A,168,"Crime, Drama, Mystery",7.8,68.0,517059.0,54117416
585,Little Women,2019,U,135,"Drama, Romance",7.8,91.0,143250.0,108101214
586,Loving Vincent,2017,UA,94,"Animation, Biography, Crime",7.8,62.0,50778.0,6735118
587,Pride,2014,R,119,"Biography, Comedy, Drama",7.8,79.0,51841.0,-1
588,Le passé,2013,PG-13,130,"Drama, Mystery",7.8,85.0,45002.0,1330596
589,La grande bellezza,2013,-1,141,Drama,7.8,86.0,81125.0,2852400
590,The Lunchbox,2013,U,104,"Drama, Romance",7.8,76.0,50523.0,4231500
591,Vicky Donor,2012,UA,126,"Comedy, Romance",7.8,-1.0,39710.0,169209
592,Big Hero 6,2014,U,102,"Animation, Action, Adventure",7.8,74.0,410983.0,222527828
593,About Time,2013,R,123,"Comedy, Drama, Fantasy",7.8,55.0,303032.0,15322921
594,English Vinglish,2012,U,134,"Comedy, Drama, Family",7.8,-1.0,33618.0,1670773
595,Kaze tachinu,2013,PG-13,126,"Animation, Biography, Drama",7.8,83.0,73690.0,5209580
596,Toy Story 4,2019,U,100,"Animation, Adventure, Comedy",7.8,84.0,203177.0,434038008
597,La migliore offerta,2013,R,131,"Crime, Drama, Mystery",7.8,49.0,108399.0,85433
598,Moonrise Kingdom,2012,A,94,"Comedy, Drama, Romance",7.8,84.0,318789.0,45512466
599,How to Train Your Dragon 2,2014,U,102,"Animation, Action, Adventure",7.8,76.0,305611.0,177002924
600,The Big Short,2015,A,130,"Biography, Comedy, Drama",7.8,81.0,362942.0,70259870
601,Kokuhaku,2010,-1,106,"Drama, Thriller",7.8,-1.0,35713.0,-1
602,Ang-ma-reul bo-at-da,2010,-1,144,"Action, Crime, Drama",7.8,67.0,111252.0,128392
603,The Girl with the Dragon Tattoo,2011,R,158,"Crime, Drama, Mystery",7.8,71.0,423010.0,102515793
604,Captain Phillips,2013,UA,134,"Adventure, Biography, Crime",7.8,82.0,421244.0,107100855
605,Ajeossi,2010,R,119,"Action, Crime, Drama",7.8,-1.0,62848.0,646
606,Straight Outta Compton,2015,R,147,"Biography, Drama, History",7.8,72.0,179264.0,161197785
607,Madeo,2009,R,129,"Crime, Drama, Mystery",7.8,79.0,52758.0,547292
608,Chugyeokja,2008,-1,125,"Action, Crime, Thriller",7.8,64.0,58468.0,-1
609,The Hobbit: The Desolation of Smaug,2013,UA,161,"Adventure, Fantasy",7.8,66.0,601408.0,258366855
610,Das weiße Band - Eine deutsche Kindergeschichte,2009,UA,144,"Drama, History, Mystery",7.8,82.0,68715.0,2222647
611,Män som hatar kvinnor,2009,R,152,"Crime, Drama, Mystery",7.8,76.0,208994.0,10095170
612,The Trial of the Chicago 7,2020,R,129,"Drama, History, Thriller",7.8,77.0,89896.0,-1
613,Druk,2020,-1,117,"Comedy, Drama",7.8,81.0,33931.0,-1
614,The Fighter,2010,UA,116,"Biography, Drama, Sport",7.8,79.0,340584.0,93617009
615,Taken,2008,A,90,"Action, Thriller",7.8,51.0,564791.0,145000989
616,The Boy in the Striped Pyjamas,2008,PG-13,94,"Drama, History, War",7.8,55.0,190748.0,9030581
617,Once,2007,R,86,"Drama, Music, Romance",7.8,88.0,110656.0,9439923
618,The Hobbit: An Unexpected Journey,2012,UA,169,"Adventure, Fantasy",7.8,58.0,757377.0,303003568
619,Auf der anderen Seite,2007,-1,122,Drama,7.8,85.0,30827.0,741283
620,Atonement,2007,R,123,"Drama, Mystery, Romance",7.8,85.0,251370.0,50927067
621,Drive,2011,A,100,"Crime, Drama",7.8,78.0,571571.0,35061555
622,American Gangster,2007,A,157,"Biography, Crime, Drama",7.8,76.0,392449.0,130164645
623,Avatar,2009,UA,162,"Action, Adventure, Fantasy",7.8,83.0,1118998.0,760507625
624,Mr. Nobody,2009,R,141,"Drama, Fantasy, Romance",7.8,63.0,216421.0,36
625,Apocalypto,2006,A,139,"Action, Adventure, Drama",7.8,68.0,291018.0,50866635
626,Little Miss Sunshine,2006,UA,101,"Comedy, Drama",7.8,80.0,439856.0,59891098
627,Hot Fuzz,2007,UA,121,"Action, Comedy, Mystery",7.8,81.0,463466.0,23637265
628,The Curious Case of Benjamin Button,2008,UA,166,"Drama, Fantasy, Romance",7.8,70.0,589160.0,127509326
629,Veer-Zaara,2004,U,192,"Drama, Family, Musical",7.8,67.0,49050.0,2921738
630,Adams æbler,2005,R,94,"Comedy, Crime, Drama",7.8,51.0,45717.0,1305
631,Pride & Prejudice,2005,PG,129,"Drama, Romance",7.8,82.0,258924.0,38405088
632,The World's Fastest Indian,2005,U,127,"Biography, Drama, Sport",7.8,68.0,51980.0,5128124
633,Tôkyô goddofâzâzu,2003,UA,90,"Animation, Adventure, Comedy",7.8,73.0,31658.0,128985
634,Serenity,2005,PG-13,119,"Action, Adventure, Sci-Fi",7.8,74.0,283310.0,25514517
635,Walk the Line,2005,PG-13,136,"Biography, Drama, Music",7.8,72.0,234207.0,119519402
636,Ondskan,2003,-1,113,Drama,7.8,61.0,35682.0,1528
637,The Notebook,2004,A,123,"Drama, Romance",7.8,53.0,520284.0,81001787
638,Diarios de motocicleta,2004,U,126,"Adventure, Biography, Drama",7.8,75.0,96703.0,16756372
639,Lilja 4-ever,2002,R,109,"Crime, Drama",7.8,82.0,42673.0,181655
640,Les triplettes de Belleville,2003,PG-13,80,"Animation, Comedy, Drama",7.8,91.0,50622.0,7002255
641,Gongdong gyeongbi guyeok JSA,2000,-1,110,"Action, Drama, Thriller",7.8,58.0,26518.0,-1
642,The Count of Monte Cristo,2002,PG-13,131,"Action, Adventure, Drama",7.8,61.0,129022.0,54234062
643,Waking Life,2001,R,99,"Animation, Drama, Fantasy",7.8,83.0,60684.0,2892011
644,Remember the Titans,2000,U,113,"Biography, Drama, Sport",7.8,48.0,198089.0,115654751
645,Wo hu cang long,2000,UA,120,"Action, Adventure, Fantasy",7.8,94.0,253228.0,128078872
646,Todo sobre mi madre,1999,R,101,Drama,7.8,87.0,89058.0,8264530
647,Cast Away,2000,UA,143,"Adventure, Drama, Romance",7.8,73.0,524235.0,233632142
648,The Boondock Saints,1999,R,108,"Action, Crime, Thriller",7.8,44.0,227143.0,25812
649,The Insider,1999,UA,157,"Biography, Drama, Thriller",7.8,84.0,159886.0,28965197
650,October Sky,1999,PG,108,"Biography, Drama, Family",7.8,71.0,82855.0,32481825
651,Shrek,2001,U,90,"Animation, Adventure, Comedy",7.8,84.0,613941.0,267665011
652,Titanic,1997,UA,194,"Drama, Romance",7.8,75.0,1046089.0,659325379
653,Hana-bi,1997,-1,103,"Crime, Drama, Romance",7.8,-1.0,27712.0,233986
654,Gattaca,1997,UA,106,"Drama, Sci-Fi, Thriller",7.8,64.0,280845.0,12339633
655,The Game,1997,UA,129,"Action, Drama, Mystery",7.8,61.0,345096.0,48323648
656,Breaking the Waves,1996,R,159,Drama,7.8,-1.0,-1.0,-1
657,Ed Wood,1994,U,127,"Biography, Comedy, Drama",7.8,70.0,164937.0,5887457
658,What's Eating Gilbert Grape,1993,U,118,Drama,7.8,73.0,215034.0,9170214
659,Tombstone,1993,R,130,"Action, Biography, Drama",7.8,50.0,126871.0,56505065
660,The Sandlot,1993,U,101,"Comedy, Drama, Family",7.8,55.0,78963.0,32416586
661,The Remains of the Day,1993,U,134,"Drama, Romance",7.8,84.0,66065.0,22954968
662,Naked,1993,-1,132,"Comedy, Drama",7.8,84.0,34635.0,1769305
663,The Fugitive,1993,U,130,"Action, Crime, Drama",7.8,87.0,267684.0,183875760
664,A Bronx Tale,1993,R,121,"Crime, Drama, Romance",7.8,80.0,128171.0,17266971
665,Batman: Mask of the Phantasm,1993,PG,76,"Animation, Action, Crime",7.8,-1.0,43690.0,5617391
666,Lat sau san taam,1992,R,128,"Action, Crime, Thriller",7.8,-1.0,46700.0,-1
667,Night on Earth,1991,R,129,"Comedy, Drama",7.8,68.0,55362.0,2015810
668,La double vie de Véronique,1991,R,98,"Drama, Fantasy, Music",7.8,-1.0,-1.0,-1
669,Boyz n the Hood,1991,A,112,"Crime, Drama",7.8,76.0,126082.0,57504069
670,Misery,1990,R,107,"Drama, Thriller",7.8,75.0,184740.0,61276872
671,Awakenings,1990,U,121,"Biography, Drama",7.8,74.0,125276.0,52096475
672,Majo no takkyûbin,1989,U,103,"Animation, Adventure, Drama",7.8,83.0,124193.0,-1
673,Glory,1989,R,122,"Biography, Drama, History",7.8,78.0,122779.0,26830000
674,Dip huet seung hung,1989,R,111,"Action, Crime, Drama",7.8,82.0,45624.0,-1
675,Back to the Future Part II,1989,U,108,"Adventure, Comedy, Sci-Fi",7.8,57.0,481918.0,118500000
676,Mississippi Burning,1988,A,128,"Crime, Drama, History",7.8,65.0,88214.0,34603943
677,Predator,1987,A,107,"Action, Adventure, Sci-Fi",7.8,45.0,371387.0,59735548
678,Evil Dead II,1987,A,84,"Action, Comedy, Fantasy",7.8,72.0,148359.0,5923044
679,Ferris Bueller's Day Off,1986,U,103,Comedy,7.8,61.0,321382.0,70136369
680,Down by Law,1986,R,107,"Comedy, Crime, Drama",7.8,75.0,47834.0,1436000
681,The Goonies,1985,U,114,"Adventure, Comedy, Family",7.8,62.0,244430.0,61503218
682,The Color Purple,1985,U,154,Drama,7.8,78.0,78321.0,98467863
683,The Breakfast Club,1985,UA,97,"Comedy, Drama",7.8,66.0,357026.0,45875171
684,The Killing Fields,1984,UA,141,"Biography, Drama, History",7.8,76.0,51585.0,34700291
685,Ghostbusters,1984,UA,105,"Action, Comedy, Fantasy",7.8,71.0,355413.0,238632124
686,The Right Stuff,1983,PG,193,"Adventure, Biography, Drama",7.8,91.0,56235.0,21500000
687,The King of Comedy,1982,U,109,"Comedy, Crime, Drama",7.8,73.0,88511.0,2500000
688,E.T. the Extra-Terrestrial,1982,U,115,"Family, Sci-Fi",7.8,91.0,372490.0,435110554
689,Kramer vs. Kramer,1979,A,105,Drama,7.8,77.0,133351.0,106260000
690,Days of Heaven,1978,PG,94,"Drama, Romance",7.8,93.0,52852.0,-1
691,The Outlaw Josey Wales,1976,A,135,Western,7.8,69.0,65659.0,31800000
692,The Man Who Would Be King,1975,PG,129,"Adventure, History, War",7.8,91.0,44917.0,-1
693,The Conversation,1974,U,113,"Drama, Mystery, Thriller",7.8,85.0,98611.0,4420000
694,La planète sauvage,1973,U,72,"Animation, Sci-Fi",7.8,73.0,25229.0,193817
695,The Day of the Jackal,1973,A,143,"Crime, Drama, Thriller",7.8,80.0,37445.0,16056255
696,Badlands,1973,PG,94,"Action, Crime, Drama",7.8,93.0,66009.0,-1
697,Cabaret,1972,A,124,"Drama, Music, Musical",7.8,80.0,48334.0,42765000
698,Willy Wonka & the Chocolate Factory,1971,U,100,"Family, Fantasy, Musical",7.8,67.0,178731.0,4000000
699,Midnight Cowboy,1969,A,113,Drama,7.8,79.0,101124.0,44785053
700,Wait Until Dark,1967,-1,108,Thriller,7.8,81.0,27733.0,17550741
701,Guess Who's Coming to Dinner,1967,-1,108,"Comedy, Drama",7.8,63.0,39642.0,56700000
702,Bonnie and Clyde,1967,A,111,"Action, Biography, Crime",7.8,86.0,102415.0,-1
703,My Fair Lady,1964,U,170,"Drama, Family, Musical",7.8,95.0,86525.0,72000000
704,Mary Poppins,1964,U,139,"Comedy, Family, Fantasy",7.8,88.0,158029.0,102272727
705,The Longest Day,1962,G,178,"Action, Drama, History",7.8,75.0,52141.0,39100000
706,Jules et Jim,1962,-1,105,"Drama, Romance",7.8,97.0,37605.0,-1
707,The Innocents,1961,A,100,Horror,7.8,88.0,27007.0,2616000
708,À bout de souffle,1960,U,90,"Crime, Drama",7.8,-1.0,73251.0,336705
709,Red River,1948,Passed,133,"Action, Adventure, Drama",7.8,-1.0,28167.0,-1
710,Key Largo,1948,-1,100,"Action, Crime, Drama",7.8,-1.0,36995.0,-1
711,To Have and Have Not,1944,PG,100,"Adventure, Comedy, Film-Noir",7.8,-1.0,31053.0,-1
712,Shadow of a Doubt,1943,PG,108,"Film-Noir, Thriller",7.8,94.0,59556.0,-1
713,Stagecoach,1939,Passed,96,"Adventure, Drama, Western",7.8,93.0,43621.0,-1
714,The Lady Vanishes,1938,-1,96,"Mystery, Thriller",7.8,98.0,47400.0,-1
715,Bringing Up Baby,1938,Passed,102,"Comedy, Family, Romance",7.8,91.0,55163.0,-1
716,Bride of Frankenstein,1935,-1,75,"Drama, Horror, Sci-Fi",7.8,95.0,43542.0,4360000
717,Duck Soup,1933,-1,69,"Comedy, Musical, War",7.8,93.0,55581.0,-1
718,Scarface: The Shame of the Nation,1932,PG,93,"Action, Crime, Drama",7.8,87.0,25312.0,-1
719,Frankenstein,1931,Passed,70,"Drama, Horror, Sci-Fi",7.8,91.0,65341.0,-1
720,Roma,2018,R,135,Drama,7.7,96.0,140375.0,-1
721,God's Own Country,2017,-1,104,"Drama, Romance",7.7,85.0,25198.0,335609
722,Deadpool 2,2018,R,119,"Action, Adventure, Comedy",7.7,66.0,478586.0,324591735
723,Wind River,2017,R,107,"Crime, Drama, Mystery",7.7,73.0,205444.0,33800859
724,Get Out,2017,R,104,"Horror, Mystery, Thriller",7.7,85.0,492851.0,176040665
725,Mission: Impossible - Fallout,2018,UA,147,"Action, Adventure, Thriller",7.7,86.0,291257.0,220159104
726,En man som heter Ove,2015,PG-13,116,"Comedy, Drama, Romance",7.7,70.0,47444.0,3358518
727,What We Do in the Shadows,2014,R,86,"Comedy, Horror",7.7,76.0,157498.0,3333000
728,Omoide no Mânî,2014,U,103,"Animation, Drama, Family",7.7,72.0,32798.0,765127
729,The Theory of Everything,2014,U,123,"Biography, Drama, Romance",7.7,72.0,404182.0,35893537
730,Kingsman: The Secret Service,2014,A,129,"Action, Adventure, Comedy",7.7,60.0,590440.0,128261724
731,The Fault in Our Stars,2014,UA,126,"Drama, Romance",7.7,69.0,344312.0,124872350
732,Me and Earl and the Dying Girl,2015,PG-13,105,"Comedy, Drama",7.7,74.0,123210.0,6743776
733,Birdman or (The Unexpected Virtue of Ignorance),2014,A,119,"Comedy, Drama",7.7,87.0,580291.0,42340598
734,La vie d'Adèle,2013,A,180,"Drama, Romance",7.7,89.0,138741.0,2199675
735,Kai po che!,2013,U,130,"Drama, Sport",7.7,40.0,32628.0,1122527
736,The Broken Circle Breakdown,2012,-1,111,"Drama, Music, Romance",7.7,70.0,39379.0,175058
737,Captain America: The Winter Soldier,2014,UA,136,"Action, Adventure, Sci-Fi",7.7,70.0,736182.0,259766572
738,Rockstar,2011,UA,159,"Drama, Music, Musical",7.7,-1.0,39501.0,985912
739,Nebraska,2013,UA,115,"Adventure, Comedy, Drama",7.7,87.0,112298.0,17654912
740,Wreck-It Ralph,2012,U,101,"Animation, Adventure, Comedy",7.7,72.0,380195.0,189422889
741,Le Petit Prince,2015,PG,108,"Animation, Adventure, Drama",7.7,70.0,56720.0,1339152
742,Detachment,2011,-1,98,Drama,7.7,52.0,77071.0,71177
743,Midnight in Paris,2011,PG-13,96,"Comedy, Fantasy, Romance",7.7,81.0,388089.0,56816662
744,The Lego Movie,2014,U,100,"Animation, Action, Adventure",7.7,83.0,323982.0,257760692
745,Gravity,2013,UA,91,"Drama, Sci-Fi, Thriller",7.7,96.0,769145.0,274092705
746,Star Trek Into Darkness,2013,UA,132,"Action, Adventure, Sci-Fi",7.7,72.0,463188.0,228778661
747,Beasts of No Nation,2015,-1,137,"Drama, War",7.7,79.0,73964.0,83861
748,The Social Network,2010,UA,120,"Biography, Drama",7.7,95.0,624982.0,96962694
749,X: First Class,2011,UA,131,"Action, Adventure, Sci-Fi",7.7,65.0,645512.0,146408305
750,The Hangover,2009,UA,100,Comedy,7.7,73.0,717559.0,277322503
751,Skyfall,2012,UA,143,"Action, Adventure, Thriller",7.7,81.0,630614.0,304360277
752,Silver Linings Playbook,2012,A,122,"Comedy, Drama, Romance",7.7,81.0,661871.0,132092958
753,Argo,2012,A,120,"Biography, Drama, Thriller",7.7,86.0,572581.0,136025503
754,(500) Days of Summer,2009,UA,95,"Comedy, Drama, Romance",7.7,76.0,472242.0,32391374
755,Harry Potter and the Deathly Hallows: Part 1,2010,A,146,"Adventure, Family, Fantasy",7.7,65.0,479120.0,295983305
756,Gake no ue no Ponyo,2008,U,101,"Animation, Adventure, Comedy",7.7,86.0,125317.0,15090400
757,Frost/Nixon,2008,R,122,"Biography, Drama, History",7.7,80.0,103330.0,18593156
758,Papurika,2006,U,90,"Animation, Drama, Fantasy",7.7,81.0,71379.0,881302
759,Changeling,2008,R,141,"Biography, Crime, Drama",7.7,63.0,239203.0,35739802
760,Flipped,2010,PG,90,"Comedy, Drama, Romance",7.7,45.0,81446.0,1752214
761,Toki o kakeru shôjo,2006,U,98,"Animation, Adventure, Comedy",7.7,-1.0,60368.0,-1
762,Death Note: Desu nôto,2006,-1,126,"Crime, Drama, Fantasy",7.7,-1.0,28630.0,-1
763,This Is England,2006,-1,101,"Crime, Drama",7.7,86.0,115576.0,327919
764,Ex Machina,2014,UA,108,"Drama, Sci-Fi, Thriller",7.7,78.0,474141.0,25442958
765,Efter brylluppet,2006,R,120,Drama,7.7,78.0,32001.0,412544
766,The Last King of Scotland,2006,R,123,"Biography, Drama, History",7.7,74.0,175355.0,17605861
767,Zodiac,2007,UA,157,"Crime, Drama, Mystery",7.7,78.0,466080.0,33080084
768,Lucky Number Slevin,2006,R,110,"Action, Crime, Drama",7.7,53.0,299524.0,22494487
769,Joyeux Noël,2005,PG-13,116,"Drama, History, Music",7.7,70.0,28003.0,1054361
770,Control,2007,R,122,"Biography, Drama, Music",7.7,78.0,61609.0,871577
771,Tangled,2010,U,100,"Animation, Adventure, Comedy",7.7,71.0,405922.0,200821936
772,Zwartboek,2006,R,145,"Drama, Thriller, War",7.7,71.0,72643.0,4398392
773,Brokeback Mountain,2005,A,134,"Drama, Romance",7.7,87.0,323103.0,83043761
774,3:10 to Yuma,2007,A,122,"Action, Crime, Drama",7.7,76.0,288797.0,53606916
775,Crash,2004,UA,112,"Crime, Drama, Thriller",7.7,66.0,419483.0,54580300
776,Kung fu,2004,UA,99,"Action, Comedy, Fantasy",7.7,78.0,127250.0,17108591
777,The Bourne Supremacy,2004,A,108,"Action, Mystery, Thriller",7.7,73.0,434841.0,176241941
778,The Machinist,2004,R,101,"Drama, Thriller",7.7,61.0,358432.0,1082715
779,Ray,2004,A,152,"Biography, Drama, Music",7.7,73.0,138356.0,75331600
780,Lost in Translation,2003,UA,102,"Comedy, Drama",7.7,89.0,415074.0,44585453
781,Harry Potter and the Goblet of Fire,2005,UA,157,"Adventure, Family, Fantasy",7.7,81.0,548619.0,290013036
782,Man on Fire,2004,UA,146,"Action, Crime, Drama",7.7,47.0,329592.0,77911774
783,Coraline,2009,U,100,"Animation, Drama, Family",7.7,80.0,197761.0,75286229
784,The Last Samurai,2003,UA,154,"Action, Drama",7.7,55.0,400049.0,111110575
785,The Magdalene Sisters,2002,R,114,Drama,7.7,83.0,25938.0,4890878
786,Good Bye Lenin!,2003,R,121,"Comedy, Drama, Romance",7.7,68.0,137981.0,4064200
787,In America,2002,PG-13,105,Drama,7.7,76.0,40403.0,15539266
788,I Am Sam,2001,PG-13,132,Drama,7.7,28.0,142863.0,40311852
789,Adaptation.,2002,R,115,"Comedy, Drama",7.7,83.0,178565.0,22245861
790,Black Hawk Down,2001,A,144,"Drama, History, War",7.7,74.0,364254.0,108638745
791,Road to Perdition,2002,A,117,"Crime, Drama, Thriller",7.7,72.0,246840.0,104454762
792,Das Experiment,2001,R,120,"Drama, Thriller",7.7,60.0,90842.0,141072
793,Billy Elliot,2000,R,110,"Drama, Music",7.7,74.0,126770.0,21995263
794,Hedwig and the Angry Inch,2001,R,95,"Comedy, Drama, Music",7.7,85.0,31957.0,3029081
795,Ocean's Eleven,2001,UA,116,"Crime, Thriller",7.7,74.0,516372.0,183417150
796,Vampire Hunter D: Bloodlust,2000,U,103,"Animation, Action, Fantasy",7.7,62.0,29210.0,151086
797,"O Brother, Where Art Thou?",2000,U,107,"Adventure, Comedy, Crime",7.7,69.0,286742.0,45512588
798,Interstate 60: Episodes of the Road,2002,R,116,"Adventure, Comedy, Drama",7.7,-1.0,29999.0,-1
799,"South Park: Bigger, Longer & Uncut",1999,A,81,"Animation, Comedy, Fantasy",7.7,73.0,192112.0,52037603
800,Office Space,1999,R,89,Comedy,7.7,68.0,241575.0,10824921
801,Happiness,1998,-1,134,"Comedy, Drama",7.7,81.0,66408.0,2807390
802,Training Day,2001,A,122,"Crime, Drama, Thriller",7.7,69.0,390247.0,76631907
803,Rushmore,1998,UA,93,"Comedy, Drama, Romance",7.7,86.0,169229.0,17105219
804,Abre los ojos,1997,U,119,"Drama, Mystery, Sci-Fi",7.7,-1.0,64082.0,368234
805,Being John Malkovich,1999,R,113,"Comedy, Drama, Fantasy",7.7,90.0,312542.0,22858926
806,As Good as It Gets,1997,A,139,"Comedy, Drama, Romance",7.7,67.0,275755.0,148478011
807,The Fifth Element,1997,UA,126,"Action, Adventure, Sci-Fi",7.7,52.0,434125.0,63540020
808,Le dîner de cons,1998,PG-13,80,Comedy,7.7,73.0,37424.0,4065116
809,Donnie Brasco,1997,A,127,"Biography, Crime, Drama",7.7,76.0,279318.0,41909762
810,Shine,1996,U,105,"Biography, Drama, Music",7.7,87.0,51350.0,35811509
811,Primal Fear,1996,A,129,"Crime, Drama, Mystery",7.7,47.0,189716.0,56116183
812,Hamlet,1996,PG-13,242,Drama,7.7,-1.0,35991.0,4414535
813,A Little Princess,1995,U,97,"Drama, Family, Fantasy",7.7,83.0,32236.0,10019307
814,Do lok tin si,1995,UA,99,"Comedy, Crime, Drama",7.7,71.0,26429.0,-1
815,Il postino,1994,U,108,"Biography, Comedy, Drama",7.7,81.0,33600.0,21848932
816,Clerks,1994,R,92,Comedy,7.7,70.0,211450.0,3151130
817,Short Cuts,1993,R,188,"Comedy, Drama",7.7,79.0,42275.0,6110979
818,Philadelphia,1993,UA,125,Drama,7.7,66.0,224169.0,77324422
819,The Muppet Christmas Carol,1992,G,85,"Comedy, Drama, Family",7.7,64.0,50298.0,27281507
820,Malcolm X,1992,U,202,"Biography, Drama, History",7.7,73.0,85819.0,48169908
821,The Last of the Mohicans,1992,UA,112,"Action, Adventure, Drama",7.7,76.0,150409.0,75505856
822,Kurenai no buta,1992,U,94,"Animation, Adventure, Comedy",7.7,83.0,77798.0,-1
823,Glengarry Glen Ross,1992,R,100,"Crime, Drama, Mystery",7.7,82.0,95826.0,10725228
824,A Few Good Men,1992,U,138,"Drama, Thriller",7.7,62.0,235388.0,141340178
825,Fried Green Tomatoes,1991,PG-13,130,Drama,7.7,64.0,66941.0,82418501
826,Barton Fink,1991,U,116,"Comedy, Drama, Thriller",7.7,69.0,113240.0,6153939
827,Miller's Crossing,1990,R,115,"Crime, Drama, Thriller",7.7,66.0,125822.0,5080409
828,Who Framed Roger Rabbit,1988,U,104,"Animation, Adventure, Comedy",7.7,83.0,182009.0,156452370
829,Spoorloos,1988,-1,107,"Mystery, Thriller",7.7,-1.0,33982.0,-1
830,Withnail & I,1987,R,107,"Comedy, Drama",7.7,84.0,40396.0,1544889
831,The Last Emperor,1987,U,163,"Biography, Drama, History",7.7,76.0,94326.0,43984230
832,Empire of the Sun,1987,U,153,"Action, Drama, History",7.7,62.0,115677.0,22238696
833,Der Name der Rose,1986,R,130,"Crime, Drama, Mystery",7.7,54.0,102031.0,7153487
834,Blue Velvet,1986,A,120,"Drama, Mystery, Thriller",7.7,76.0,181285.0,8551228
835,The Purple Rose of Cairo,1985,U,82,"Comedy, Fantasy, Romance",7.7,75.0,47102.0,10631333
836,After Hours,1985,UA,97,"Comedy, Crime, Drama",7.7,90.0,59635.0,10600000
837,Zelig,1983,PG,79,Comedy,7.7,-1.0,39881.0,11798616
838,The Verdict,1982,U,129,Drama,7.7,77.0,36096.0,54000000
839,Star Trek II: The Wrath of Khan,1982,U,113,"Action, Adventure, Sci-Fi",7.7,67.0,112704.0,78912963
840,First Blood,1982,A,93,"Action, Adventure",7.7,61.0,226541.0,47212904
841,Ordinary People,1980,U,124,Drama,7.7,86.0,47099.0,54800000
842,Airplane!,1980,U,88,Comedy,7.7,78.0,214882.0,83400000
843,Rupan sansei: Kariosutoro no shiro,1979,U,100,"Animation, Adventure, Family",7.7,71.0,27014.0,-1
844,Halloween,1978,A,91,"Horror, Thriller",7.7,87.0,233106.0,47000000
845,Le locataire,1976,R,126,"Drama, Thriller",7.7,71.0,39889.0,1924733
846,Love and Death,1975,PG,85,"Comedy, War",7.7,89.0,36037.0,-1
847,The Taking of Pelham One Two Three,1974,U,104,"Action, Crime, Thriller",7.7,68.0,26729.0,-1
848,Blazing Saddles,1974,A,93,"Comedy, Western",7.7,73.0,125993.0,119500000
849,Serpico,1973,A,130,"Biography, Crime, Drama",7.7,87.0,109941.0,29800000
850,Enter the Dragon,1973,A,102,"Action, Crime, Drama",7.7,83.0,96561.0,25000000
851,Deliverance,1972,U,109,"Adventure, Drama, Thriller",7.7,80.0,98740.0,7056013
852,The French Connection,1971,A,104,"Action, Crime, Drama",7.7,94.0,110075.0,15630710
853,Dirty Harry,1971,A,102,"Action, Crime, Thriller",7.7,90.0,143292.0,35900000
854,Where Eagles Dare,1968,U,158,"Action, Adventure, War",7.7,63.0,51913.0,-1
855,The Odd Couple,1968,G,105,Comedy,7.7,86.0,31572.0,44527234
856,The Dirty Dozen,1967,-1,150,"Action, Adventure, War",7.7,73.0,67183.0,45300000
857,Belle de jour,1967,A,100,"Drama, Romance",7.7,-1.0,40274.0,26331
858,A Man for All Seasons,1966,U,120,"Biography, Drama, History",7.7,72.0,31222.0,28350000
859,Repulsion,1965,-1,105,"Drama, Horror, Thriller",7.7,91.0,48883.0,-1
860,Zulu,1964,U,138,"Drama, History, War",7.7,77.0,35999.0,-1
861,Goldfinger,1964,A,110,"Action, Adventure, Thriller",7.7,87.0,174119.0,51081062
862,The Birds,1963,A,119,"Drama, Horror, Mystery",7.7,90.0,171739.0,11403529
863,Cape Fear,1962,Passed,106,"Drama, Thriller",7.7,76.0,26457.0,-1
864,Peeping Tom,1960,-1,101,"Drama, Horror, Thriller",7.7,-1.0,31354.0,83957
865,The Magnificent Seven,1960,Approved,128,"Action, Adventure, Western",7.7,74.0,87719.0,4905000
866,Les yeux sans visage,1960,-1,90,"Drama, Horror",7.7,90.0,27620.0,52709
867,Invasion of the Body Snatchers,1956,Approved,80,"Drama, Horror, Sci-Fi",7.7,92.0,44839.0,-1
868,Rebel Without a Cause,1955,PG-13,111,Drama,7.7,89.0,83363.0,-1
869,The Ladykillers,1955,-1,91,"Comedy, Crime",7.7,91.0,26464.0,-1
870,Sabrina,1954,Passed,113,"Comedy, Drama, Romance",7.7,72.0,59415.0,-1
871,The Quiet Man,1952,Passed,129,"Comedy, Drama, Romance",7.7,-1.0,34677.0,10550000
872,The Day the Earth Stood Still,1951,U,92,"Drama, Sci-Fi",7.7,-1.0,76315.0,-1
873,The African Queen,1951,PG,105,"Adventure, Drama, Romance",7.7,91.0,71481.0,536118
874,Gilda,1946,Approved,110,"Drama, Film-Noir, Romance",7.7,-1.0,27991.0,-1
875,Fantasia,1940,G,125,"Animation, Family, Fantasy",7.7,96.0,88662.0,76408097
876,The Invisible Man,1933,TV-PG,71,"Horror, Sci-Fi",7.7,87.0,30683.0,-1
877,Dark Waters,2019,PG-13,126,"Biography, Drama, History",7.6,73.0,60408.0,-1
878,Searching,2018,U/A,102,"Drama, Mystery, Thriller",7.6,71.0,140840.0,26020957
879,Once Upon a Time... in Hollywood,2019,A,161,"Comedy, Drama",7.6,83.0,551309.0,142502728
880,Nelyubov,2017,R,127,Drama,7.6,86.0,29765.0,566356
881,The Florida Project,2017,A,111,Drama,7.6,92.0,95181.0,5904366
882,Just Mercy,2019,A,137,"Biography, Crime, Drama",7.6,68.0,46739.0,-1
883,Gifted,2017,PG-13,101,Drama,7.6,60.0,99643.0,24801212
884,The Peanut Butter Falcon,2019,PG-13,97,"Adventure, Comedy, Drama",7.6,70.0,66346.0,13122642
885,Victoria,2015,-1,138,"Crime, Drama, Romance",7.6,77.0,52903.0,-1
886,Mustang,2015,PG-13,97,Drama,7.6,83.0,35785.0,845464
887,Guardians of the Galaxy Vol. 2,2017,UA,136,"Action, Adventure, Comedy",7.6,67.0,569974.0,389813101
888,Baby Driver,2017,UA,113,"Action, Crime, Drama",7.6,86.0,439406.0,107825862
889,Only the Brave,2017,UA,134,"Action, Biography, Drama",7.6,72.0,58371.0,18340051
890,Bridge of Spies,2015,UA,142,"Drama, History, Thriller",7.6,81.0,287659.0,72313754
891,Incredibles 2,2018,UA,118,"Animation, Action, Adventure",7.6,80.0,250057.0,608581744
892,Moana,2016,U,107,"Animation, Adventure, Comedy",7.6,81.0,272784.0,248757044
893,Sicario,2015,A,121,"Action, Crime, Drama",7.6,82.0,371291.0,46889293
894,Creed,2015,A,133,"Drama, Sport",7.6,82.0,247666.0,109767581
895,Leviafan,2014,R,140,"Crime, Drama",7.6,92.0,49397.0,1092800
896,Hell or High Water,2016,R,102,"Action, Crime, Drama",7.6,88.0,204175.0,26862450
897,Philomena,2013,PG-13,98,"Biography, Comedy, Drama",7.6,77.0,94212.0,37707719
898,Dawn of the Planet of the Apes,2014,UA,130,"Action, Adventure, Drama",7.6,79.0,411599.0,208545589
899,El cuerpo,2012,-1,112,"Mystery, Thriller",7.6,-1.0,57549.0,-1
900,Serbuan maut,2011,A,101,"Action, Thriller",7.6,73.0,190531.0,4105123
901,End of Watch,2012,A,109,"Action, Crime, Drama",7.6,68.0,228132.0,41003371
902,Kari-gurashi no Arietti,2010,U,94,"Animation, Adventure, Family",7.6,80.0,80939.0,19202743
903,A Star Is Born,2018,UA,136,"Drama, Music, Romance",7.6,88.0,334312.0,215288866
904,True Grit,2010,PG-13,110,"Drama, Western",7.6,80.0,311822.0,171243005
905,Hævnen,2010,R,118,"Drama, Romance",7.6,65.0,38491.0,1008098
906,Despicable Me,2010,U,95,"Animation, Comedy, Crime",7.6,72.0,500851.0,251513985
907,50/50,2011,R,100,"Comedy, Drama, Romance",7.6,72.0,315426.0,35014192
908,Kick-Ass,2010,UA,117,"Action, Comedy, Crime",7.6,66.0,524081.0,48071303
909,Celda 211,2009,-1,113,"Action, Adventure, Crime",7.6,-1.0,63882.0,-1
910,Moneyball,2011,PG-13,133,"Biography, Drama, Sport",7.6,87.0,369529.0,75605492
911,La piel que habito,2011,R,120,"Drama, Horror, Thriller",7.6,70.0,138959.0,3185812
912,Zombieland,2009,A,88,"Adventure, Comedy, Fantasy",7.6,73.0,520041.0,75590286
913,Die Welle,2008,-1,107,"Drama, Thriller",7.6,-1.0,102742.0,-1
914,Sherlock Holmes,2009,PG-13,128,"Action, Adventure, Mystery",7.6,57.0,583158.0,209028679
915,The Blind Side,2009,UA,129,"Biography, Drama, Sport",7.6,53.0,293266.0,255959475
916,The Visitor,2007,PG-13,104,Drama,7.6,79.0,41544.0,9422422
917,Seven Pounds,2008,UA,123,Drama,7.6,36.0,286770.0,69951824
918,Eastern Promises,2007,R,100,"Action, Crime, Drama",7.6,82.0,227760.0,17114882
919,Stardust,2007,U,127,"Adventure, Family, Fantasy",7.6,66.0,255036.0,38634938
920,The Secret of Kells,2009,-1,71,"Animation, Adventure, Family",7.6,81.0,31779.0,686383
921,Inside Man,2006,R,129,"Crime, Drama, Mystery",7.6,76.0,339757.0,88513495
922,Gone Baby Gone,2007,R,114,"Crime, Drama, Mystery",7.6,72.0,250590.0,20300218
923,La Vie En Rose,2007,PG-13,140,"Biography, Drama, Music",7.6,66.0,82781.0,10301706
924,Huo Yuan Jia,2006,PG-13,104,"Action, Biography, Drama",7.6,70.0,72863.0,24633730
925,The Illusionist,2006,U,110,"Drama, Fantasy, Mystery",7.6,68.0,354728.0,39868642
926,Dead Man's Shoes,2004,-1,90,"Crime, Drama, Thriller",7.6,52.0,49728.0,6013
927,Harry Potter and the Half-Blood Prince,2009,UA,153,"Action, Adventure, Family",7.6,78.0,474827.0,301959197
928,300,2006,A,117,"Action, Drama",7.6,52.0,732876.0,210614939
929,Match Point,2005,R,124,"Drama, Romance, Thriller",7.6,72.0,206294.0,23089926
930,Watchmen,2009,A,162,"Action, Drama, Mystery",7.6,56.0,500799.0,107509799
931,Lord of War,2005,R,122,"Action, Crime, Drama",7.6,62.0,294140.0,24149632
932,Saw,2004,UA,103,"Horror, Mystery, Thriller",7.6,46.0,379020.0,56000369
933,"Synecdoche, New York",2008,R,124,Drama,7.6,67.0,83158.0,3081925
934,Mysterious Skin,2004,R,105,Drama,7.6,73.0,65939.0,697181
935,Jeux d'enfants,2003,R,93,"Comedy, Drama, Romance",7.6,45.0,67360.0,548707
936,Un long dimanche de fiançailles,2004,U,133,"Drama, Mystery, Romance",7.6,76.0,70925.0,6167817
937,The Station Agent,2003,R,89,"Comedy, Drama",7.6,81.0,67370.0,5739376
938,21 Grams,2003,UA,124,"Crime, Drama, Thriller",7.6,70.0,224545.0,16290476
939,Boksuneun naui geot,2002,R,129,"Crime, Drama, Thriller",7.6,56.0,62659.0,45289
940,Finding Neverland,2004,U,106,"Biography, Drama, Family",7.6,67.0,198677.0,51680613
941,25th Hour,2002,R,135,Drama,7.6,68.0,169708.0,13060843
942,The Butterfly Effect,2004,U,113,"Drama, Sci-Fi, Thriller",7.6,30.0,451479.0,57938693
943,28 Days Later...,2002,A,113,"Drama, Horror, Sci-Fi",7.6,73.0,376853.0,45064915
944,Batoru rowaiaru,2000,-1,114,"Action, Adventure, Drama",7.6,81.0,169091.0,-1
945,The Royal Tenenbaums,2001,A,110,"Comedy, Drama",7.6,76.0,266842.0,52364010
946,Y tu mamá también,2001,A,106,Drama,7.6,88.0,115827.0,13622333
947,Harry Potter and the Sorcerer's Stone,2001,U,152,"Adventure, Family, Fantasy",7.6,64.0,658185.0,317575550
948,The Others,2001,PG-13,101,"Horror, Mystery, Thriller",7.6,74.0,337651.0,96522687
949,Blow,2001,R,124,"Biography, Crime, Drama",7.6,52.0,240714.0,52990775
950,Enemy at the Gates,2001,A,131,"Drama, History, War",7.6,53.0,243729.0,51401758
951,Minority Report,2002,A,145,"Action, Crime, Mystery",7.6,80.0,508417.0,132072926
952,The Hurricane,1999,R,146,"Biography, Drama, Sport",7.6,74.0,91557.0,50668906
953,American Psycho,2000,A,101,"Comedy, Crime, Drama",7.6,64.0,490062.0,15070285
954,Lola rennt,1998,UA,81,"Crime, Drama, Thriller",7.6,77.0,188317.0,7267585
955,The Thin Red Line,1998,A,170,"Drama, War",7.6,78.0,172710.0,36400491
956,Mulan,1998,U,88,"Animation, Adventure, Family",7.6,71.0,256906.0,120620254
957,Fear and Loathing in Las Vegas,1998,R,118,"Adventure, Comedy, Drama",7.6,41.0,259753.0,10680275
958,Funny Games,1997,A,108,"Crime, Drama, Thriller",7.6,69.0,65058.0,-1
959,Dark City,1998,A,100,"Mystery, Sci-Fi, Thriller",7.6,66.0,187927.0,14378331
960,Sleepers,1996,UA,147,"Crime, Drama, Thriller",7.6,49.0,186734.0,49100000
961,Lost Highway,1997,A,134,"Mystery, Thriller",7.6,52.0,131101.0,3796699
962,Sense and Sensibility,1995,U,136,"Drama, Romance",7.6,84.0,102598.0,43182776
963,Die Hard: With a Vengeance,1995,A,128,"Action, Adventure, Thriller",7.6,58.0,364420.0,100012499
964,Dead Man,1995,R,121,"Adventure, Drama, Fantasy",7.6,62.0,90442.0,1037847
965,The Bridges of Madison County,1995,A,135,"Drama, Romance",7.6,69.0,73172.0,71516617
966,Apollo 13,-1,U,140,"Adventure, Drama, History",7.6,77.0,269197.0,173837933
967,Trois couleurs: Blanc,1994,U,92,"Comedy, Drama, Romance",7.6,88.0,64390.0,1464625
968,Falling Down,1993,R,113,"Action, Crime, Drama",7.6,56.0,171640.0,40903593
969,Dazed and Confused,1993,U,102,Comedy,7.6,78.0,165465.0,7993039
970,My Cousin Vinny,1992,UA,120,"Comedy, Crime",7.6,68.0,107325.0,52929168
971,Omohide poro poro,1991,U,118,"Animation, Drama, Romance",7.6,90.0,27071.0,453243
972,Delicatessen,1991,R,99,"Comedy, Crime",7.6,66.0,80487.0,1794187
973,Home Alone,1990,U,103,"Comedy, Family",7.6,63.0,488817.0,285761243
974,The Godfather: Part III,1990,A,162,"Crime, Drama",7.6,60.0,359809.0,66666062
975,When Harry Met Sally...,1989,UA,95,"Comedy, Drama, Romance",7.6,76.0,195663.0,92823600
976,The Little Mermaid,1989,U,83,"Animation, Family, Fantasy",7.6,88.0,237696.0,111543479
977,The Naked Gun: From the Files of Police Squad!,1988,U,85,"Comedy, Crime",7.6,76.0,152871.0,78756177
978,"Planes, Trains & Automobiles",1987,U,93,"Comedy, Drama",7.6,72.0,124773.0,49530280
979,Lethal Weapon,1987,A,109,"Action, Crime, Thriller",7.6,68.0,236894.0,65207127
980,Blood Simple,1984,A,99,"Crime, Drama, Thriller",7.6,82.0,87745.0,2150000
981,On Golden Pond,1981,UA,109,Drama,7.6,68.0,27650.0,119285432
982,Mad Max 2,1981,A,96,"Action, Adventure, Sci-Fi",7.6,77.0,166588.0,12465371
983,The Warriors,1979,UA,92,"Action, Crime, Thriller",7.6,65.0,93878.0,22490039
984,The Muppet Movie,1979,U,95,"Adventure, Comedy, Family",7.6,74.0,32802.0,76657000
985,Escape from Alcatraz,1979,A,112,"Action, Biography, Crime",7.6,76.0,121731.0,43000000
986,Watership Down,1978,U,91,"Animation, Adventure, Drama",7.6,64.0,33656.0,-1
987,Midnight Express,1978,A,121,"Biography, Crime, Drama",7.6,59.0,73662.0,35000000
988,Close Encounters of the Third Kind,1977,U,138,"Drama, Sci-Fi",7.6,90.0,184966.0,132088635
989,The Long Goodbye,1973,A,112,"Comedy, Crime, Drama",7.6,87.0,26337.0,959
990,Giù la testa,1971,PG,157,"Drama, War, Western",7.6,77.0,30144.0,69669
991,Kelly's Heroes,1970,GP,144,"Adventure, Comedy, War",7.6,50.0,45338.0,1378435
992,The Jungle Book,1967,U,78,"Animation, Adventure, Family",7.6,65.0,166409.0,141843612
993,Blowup,1966,A,111,"Drama, Mystery, Thriller",7.6,82.0,56513.0,-1
994,A Hard Day's Night,1964,U,87,"Comedy, Music, Musical",7.6,96.0,40351.0,13780024
995,Breakfast at Tiffany's,1961,A,115,"Comedy, Drama, Romance",7.6,76.0,166544.0,-1
996,Giant,1956,G,201,"Drama, Western",7.6,84.0,34075.0,-1
997,From Here to Eternity,1953,Passed,118,"Drama, Romance, War",7.6,85.0,43374.0,30500000
998,Lifeboat,1944,-1,97,"Drama, War",7.6,78.0,26471.0,-1
999,The 39 Steps,1935,-1,86,"Crime, Mystery, Thriller",7.6,93.0,51853.0,-1
